web_pid,pdp_title_value,price_sp,pdp_rating_value,pdp_rating_count,pdp_page_url
B084JGJ8PF,Wesley Milestone 2.0 Casual Waterproof Laptop Backpack/Office Bag/School Bag/College Bag/Business Bag/Travel Backpack (Dimensions:13x18 inches) (Compatible with 15.6 inch laptop) 30 L (Blue & black),499,4.3,13254,https://www.amazon.in/wesley-milestone-2-0-casual-waterproof-laptop-backpack-office-bag-school-bag-college-bag-business-bag-travel-backpack-dimensions-13x18-inches-compatible-with-15-6-inch-laptop-30-l-blue-black/dp/B084JGJ8PF
B07M9BRCQ5,Fur Jaden Brown Textured Leatherette Stylish & Spacious Weekender Duffle Bag for Travel,799,4.3,6894,https://www.amazon.in/fur-jaden-brown-textured-leatherette-stylish-spacious-weekender-duffle-bag-for-travel/dp/B07M9BRCQ5
B07CJCGM1M,American Tourister Fizz Large Size 32 Ltrs Casual Backpack (BLACK),1098,4.0,56370,https://www.amazon.in/american-tourister-fizz-large-size-32-ltrs-casual-backpack-black/dp/B07CJCGM1M
B07MXL986B,ADISA 32 Ltrs Water Resistant Casual Travel Bagpack/College Backpack/School Office Bag for Men and Women,374,3.9,4295,https://www.amazon.in/adisa-32-ltrs-water-resistant-casual-travel-bagpack-college-backpack-school-office-bag-for-men-and-women/dp/B07MXL986B
B098QFF5TJ,Wesley Spartan Unisex Travel Hiking Laptop Bag fits Upto 17.3 inch with Raincover and Internal Organiser Backpack Rucksack College Bag,689,4.1,1959,https://www.amazon.in/wesley-spartan-unisex-travel-hiking-laptop-bag-fits-upto-17-3-inch-with-raincover-and-internal-organiser-backpack-rucksack-college-bag/dp/B098QFF5TJ
B08R7RPVJF,"Lenovo 15.6"" (39.62cm) Slim Everyday Backpack, Made in India, Compact, Water-resistant, Organized storage:Laptop sleeve,tablet pocket,front workstation,2-side pockets,Padded adjustable shoulder straps",449,4.4,5288,https://www.amazon.in/lenovo-15-6-39-62cm-slim-everyday-backpack-made-in-india-compact-water-resistant-organized-storage-laptop-sleeve-tablet-pocket-front-workstation-2-side-pockets-padded-adjustable-shoulder-straps/dp/B08R7RPVJF
B09QJ7ZF2Y,TRUE HUMAN EMPEROR® Anti-Theft backpack With USB charging Port Laptop bag/Office bag/college bag/travel bag with anti -theft back pocket (LEGEND),529,3.7,2775,https://www.amazon.in/true-human-emperor-r-anti-theft-backpack-with-usb-charging-port-laptop-bag-office-bag-college-bag-travel-bag-with-anti-theft-back-pocket-legend/dp/B09QJ7ZF2Y
B085S444JV,"Wesley Milestone 2.0 Casual Waterproof Laptop Backpack/Office Bag/School Bag/College Bag/Business Bag/Travel Backpack (Dimensions:13x18 inches) (Compatible with 15.6"" laptop) 30 L, Charcoal black",499,4.3,13254,https://www.amazon.in/wesley-milestone-2-0-casual-waterproof-laptop-backpack-office-bag-school-bag-college-bag-business-bag-travel-backpack-dimensions-13x18-inches-compatible-with-15-6-laptop-30-l-charcoal-black/dp/B085S444JV
B09VTDMRY7,"FUR JADEN Anti Theft Number Lock Backpack Bag with 15.6 Inch Laptop Compartment, USB Charging Port & Organizer Pocket for Men Women Boys Girls",649,4.1,6693,https://www.amazon.in/fur-jaden-anti-theft-number-lock-backpack-bag-with-15-6-inch-laptop-compartment-usb-charging-port-organizer-pocket-for-men-women-boys-girls/dp/B09VTDMRY7
B09VCLZ3K4,Half Moon Large 37L Laptop Bag Backpack for menं Women Boys and Girls Luggage Travel Bags with 17.3 inches Laptop Compartment & Rain Cover,689,3.9,3857,https://www.amazon.in/half-moon-large-37l-laptop-bag-backpack-for-menn-women-boys-and-girls-luggage-travel-bags-with-17-3-inches-laptop-compartment-rain-cover/dp/B09VCLZ3K4
B097JH4V5G,"Safari Omega 30L Laptop Backpack with Raincover, school bag for boys and girls, college bag, office bag, travel bag for men and women, Teal",699,4.0,161,https://www.amazon.in/safari-omega-30l-laptop-backpack-with-raincover-school-bag-for-boys-and-girls-college-bag-office-bag-travel-bag-for-men-and-women-teal/dp/B097JH4V5G
B085MHDJ93,"Half Moon 35L Water Resistant 15.6 inch Laptop Bag/ Backpack, Navy Blue | Office Bag for Men and Women with Padded Laptop Compartment | Rain Cover & Reflective Strips",399,3.9,17623,https://www.amazon.in/half-moon-35l-water-resistant-15-6-inch-laptop-bag-backpack-navy-blue-office-bag-for-men-and-women-with-padded-laptop-compartment-rain-cover-reflective-strips/dp/B085MHDJ93
B07XXFB9CZ,Sfane Polyester 23cms Duffle/Shoulder/Gym Bag for Men & Women with Separate Shoe Compartment (Grey),365,4.3,8419,https://www.amazon.in/sfane-polyester-23cms-duffle-shoulder-gym-bag-for-men-women-with-separate-shoe-compartment-grey/dp/B07XXFB9CZ
B0BJ32LQ6X,Half Moon Large 37L Laptop Bag Backpack for menं Women Boys and Girls Luggage Travel Bags with 17.3 inches Laptop Compartment & Rain Cover,689,3.9,3857,https://www.amazon.in/half-moon-large-37l-laptop-bag-backpack-for-menn-women-boys-and-girls-luggage-travel-bags-with-17-3-inches-laptop-compartment-rain-cover/dp/B0BJ32LQ6X
B09VTCNN75,"FUR JADEN Anti Theft Number Lock Backpack Bag with 15.6 Inch Laptop Compartment, USB Charging Port & Organizer Pocket for Men Women Boys Girls",639,4.1,6693,https://www.amazon.in/fur-jaden-anti-theft-number-lock-backpack-bag-with-15-6-inch-laptop-compartment-usb-charging-port-organizer-pocket-for-men-women-boys-girls/dp/B09VTCNN75
B0821PN8L4,"Amazon Brand - Presto! Oxo-Biodegradable Garbage Bags, Medium -(19 x 21 inches) - 30 bags/roll (Pack of 6, Black)",289,4.4,35935,https://www.amazon.in/amazon-brand-presto-oxo-biodegradable-garbage-bags-medium-19-x-21-inches-30-bags-roll-pack-of-6-black/dp/B0821PN8L4
B07BZ5VC4H,Safari Seek 45 Ltrs Overnighter Expandable Travel Laptop Backpack,2299,4.5,7744,https://www.amazon.in/safari-seek-45-ltrs-overnighter-expandable-travel-laptop-backpack/dp/B07BZ5VC4H
B0CJJ15CM7,Impulse IMP linear 45L Laptop Backpack/Office Bag/School Bag/College Bag/Business Bag/Travel Backpack Water Resistant Fits Up to 16 Inch Laptop with 1 Year Warranty,510,5.0,4,https://www.amazon.in/impulse-imp-linear-45l-laptop-backpack-office-bag-school-bag-college-bag-business-bag-travel-backpack-water-resistant-fits-up-to-16-inch-laptop-with-1-year-warranty/dp/B0CJJ15CM7
B07G4F6XFH,Gear Classic 20L Small Faux Leather Water Resistant Anti Theft Laptop Bag/Office Backpack for Men/Women - Brown,798,4.4,6245,https://www.amazon.in/gear-classic-20l-small-faux-leather-water-resistant-anti-theft-laptop-bag-office-backpack-for-men-women-brown/dp/B07G4F6XFH
B0BVVY98PZ,Wesley 15 Liter Casual Daypack Backpack,149,3.8,367,https://www.amazon.in/wesley-15-liter-casual-daypack-backpack/dp/B0BVVY98PZ
B0C6HZDWRQ,"TRUE HUMAN® EMPEROR 15.6 inch laptop bag with USB charging port Laptop bag,office bag, college bags anti theft (CAPTAIN)",529,3.7,39,https://www.amazon.in/true-human-r-emperor-15-6-inch-laptop-bag-with-usb-charging-port-laptop-bag-office-bag-college-bags-anti-theft-captain/dp/B0C6HZDWRQ
B07G3CG9FC,ADISA Laptop Backpack 31 Ltrs,349,4.0,9235,https://www.amazon.in/adisa-laptop-backpack-31-ltrs/dp/B07G3CG9FC
B092VSZ69M,EXOTIC Women's Sling Bag,450,4.2,2750,https://www.amazon.in/exotic-women-s-sling-bag/dp/B092VSZ69M
B09TPX22NF,ADISA 15.6 inch laptop backpack office bag college travel back pack 32 Ltrs,399,3.9,1404,https://www.amazon.in/adisa-15-6-inch-laptop-backpack-office-bag-college-travel-back-pack-32-ltrs/dp/B09TPX22NF
B088XG77KN,"Mi Step Out 12 L Mini Backpack (Small Size, Red, Water Repellant)",229,4.1,10291,https://www.amazon.in/mi-step-out-12-l-mini-backpack-small-size-red-water-repellant/dp/B088XG77KN
B07B8K3RQK,"Storite 2 Pack Moisture Proof Nylon Large Size Underbed Storage Bag For Clothes (54 x 46 x 28 cm) - Black, Rectangular",699,4.4,18131,https://www.amazon.in/storite-2-pack-moisture-proof-nylon-large-size-underbed-storage-bag-for-clothes-54-x-46-x-28-cm-black-rectangular/dp/B07B8K3RQK
B07YFNXC3H,"FATMUG Polyester Foldable Duffle Travel Bag Luggage For Travel, Packing And Storage - Men And Women - (60 L, Black)",1099,4.2,1533,https://www.amazon.in/fatmug-polyester-foldable-duffle-travel-bag-luggage-for-travel-packing-and-storage-men-and-women-60-l-black/dp/B07YFNXC3H
B075MK4TXP,Gear Aspire 30L Medium Water Restant Office Laptop Bag/Backpack for Men/Women (Black),994,4.3,6593,https://www.amazon.in/gear-aspire-30l-medium-water-restant-office-laptop-bag-backpack-for-men-women-black/dp/B075MK4TXP
B089QBD333,Arctic Fox Slope Anti Theft 23 L Backpack with USB Charging Port 15 Inch Laptop Backpack (Marble Black),1299,4.5,4533,https://www.amazon.in/arctic-fox-slope-anti-theft-23-l-backpack-with-usb-charging-port-15-inch-laptop-backpack-marble-black/dp/B089QBD333
B08M66SG5Y,Newtone Premium OXO - Biodegradable Garbage Bags Size 17 X 19 Inches (Small) 120 Bags (4 rolls) Dustbin Bag/Trash Bag - Black Color,144,4.3,212,https://www.amazon.in/newtone-premium-oxo-biodegradable-garbage-bags-size-17-x-19-inches-small-120-bags-4-rolls-dustbin-bag-trash-bag-black-color/dp/B08M66SG5Y
B0BL3SPN16,NORTH ZONE Lightweight school bags Backpacks for Boys Girls Stylish men and women Casual Travel Laptop Bag College office,630,4.0,1119,https://www.amazon.in/north-zone-lightweight-school-bags-backpacks-for-boys-girls-stylish-men-and-women-casual-travel-laptop-bag-college-office/dp/B0BL3SPN16
B0BTD4S4XF,American Tourister Valex 28 Ltrs Large Laptop Backpack with Bottle Pocket and Front Organizer- Black,1399,4.3,1351,https://www.amazon.in/american-tourister-valex-28-ltrs-large-laptop-backpack-with-bottle-pocket-and-front-organizer-black/dp/B0BTD4S4XF
B0BRTFGG22,"ROZEN 47 Ltrs, 46 cms School Bag Class 5-12 Large 5 partition Laptop Collage Office Travel Backpack Unisex",697,4.1,346,https://www.amazon.in/rozen-47-ltrs-46-cms-school-bag-class-5-12-large-5-partition-laptop-collage-office-travel-backpack-unisex/dp/B0BRTFGG22
B0BS6QM2GD,NORTH ZONE Casual Waterproof Laptop Backpack/Office Bag/School Bag/College Bag/Business Bag/Travel Backpack (Dimensions:13x18 inches) (Compatible with 39.62cm(15.6inch laptop) 30 L,542,4.0,780,https://www.amazon.in/north-zone-casual-waterproof-laptop-backpack-office-bag-school-bag-college-bag-business-bag-travel-backpack-dimensions-13x18-inches-compatible-with-39-62cm-15-6inch-laptop-30-l/dp/B0BS6QM2GD
B0BL3S5NC1,NORTH ZONE Lightweight school bags Backpacks for Boys Girls Stylish men and women Casual Travel Laptop Bag College office,540,4.0,1119,https://www.amazon.in/north-zone-lightweight-school-bags-backpacks-for-boys-girls-stylish-men-and-women-casual-travel-laptop-bag-college-office/dp/B0BL3S5NC1
B09W4WJ1CB,Amazon Basics 20 ltrs Casual/Travel/College Backpack for 15.6-inch Laptop | Water Resistant Fabric,359,4.0,420,https://www.amazon.in/amazon-basics-20-ltrs-casual-travel-college-backpack-for-15-6-inch-laptop-water-resistant-fabric/dp/B09W4WJ1CB
B0BGSV19KZ,"Red Lemon Swiss Cut Design 15.6 Inch Smart Laptop Backpack Bag With USB Charging Port, Anti Theft Pocket and Accessories Organiser for Men Women Boys Girls",1599,4.3,1329,https://www.amazon.in/red-lemon-swiss-cut-design-15-6-inch-smart-laptop-backpack-bag-with-usb-charging-port-anti-theft-pocket-and-accessories-organiser-for-men-women-boys-girls/dp/B0BGSV19KZ
B0CJHV6RTS,Impulse Diggy 35L Laptop Backpack/Office Bag/School Bag/College Bag/Business Bag/Travel Backpack Water Resistant Fits Up to 16 Inch Laptop with 1 Year Warranty,399,4.0,22,https://www.amazon.in/impulse-diggy-35l-laptop-backpack-office-bag-school-bag-college-bag-business-bag-travel-backpack-water-resistant-fits-up-to-16-inch-laptop-with-1-year-warranty/dp/B0CJHV6RTS
B073JYDK7P,Skybags Cardiff Polyester 55 Cms Travel Duffle Bag (Blue),1099,4.2,9964,https://www.amazon.in/skybags-cardiff-polyester-55-cms-travel-duffle-bag-blue/dp/B073JYDK7P
B0CJ38KTFS,NORTH ZONE 30L Water Restant Office Laptop Bag/Backpack for Men/Women/(Black),449,4.5,2,https://www.amazon.in/north-zone-30l-water-restant-office-laptop-bag-backpack-for-men-women-black/dp/B0CJ38KTFS
B0B6FNPN76,Arctic Hunter Backpack for Men Premium Business Backpack Office Travel Laptop Bag with 15.6 Inch Laptop Pocket Water/Scratch-resistant Multiple Pocket Comfortable and Padded Backpack for Men,5429,4.4,226,https://www.amazon.in/arctic-hunter-backpack-for-men-premium-business-backpack-office-travel-laptop-bag-with-15-6-inch-laptop-pocket-water-scratch-resistant-multiple-pocket-comfortable-and-padded-backpack-for-men/dp/B0B6FNPN76
B09H7PK5ML,TRUE HUMAN® Anti-Theft backpack with USB charging port and combination Number lock Laptop bag/office bag/travel bag for men and women,499,3.8,2016,https://www.amazon.in/true-human-r-anti-theft-backpack-with-usb-charging-port-and-combination-number-lock-laptop-bag-office-bag-travel-bag-for-men-and-women/dp/B09H7PK5ML
B0BHX7GY16,Half Moon Large 37L Laptop Bag Backpack for menं Women Boys and Girls Luggage Travel Bags with 17.3 inches Laptop Compartment & Rain Cover,689,3.9,3857,https://www.amazon.in/half-moon-large-37l-laptop-bag-backpack-for-menn-women-boys-and-girls-luggage-travel-bags-with-17-3-inches-laptop-compartment-rain-cover/dp/B0BHX7GY16
B088B4P6ZW,Martucci 17 inch 30L Laptop Backpack for Men and Women Casual Waterproof Office Bag/School Bag/College Bag/Casual Bag/Unisex Travel Backpack with Reflective Strip(Black),519,3.9,8006,https://www.amazon.in/martucci-17-inch-30l-laptop-backpack-for-men-and-women-casual-waterproof-office-bag-school-bag-college-bag-casual-bag-unisex-travel-backpack-with-reflective-strip-black/dp/B088B4P6ZW
B09B27CYC4,"Safari Snap 35 Ltrs Large Laptop Backpack With 3 Compartments, Water Resistant Fabric - Black (SNAP19CBBLK)",999,3.8,355,https://www.amazon.in/safari-snap-35-ltrs-large-laptop-backpack-with-3-compartments-water-resistant-fabric-black-snap19cbblk/dp/B09B27CYC4
B0C6HZDWRQ,"TRUE HUMAN® EMPEROR 15.6 inch laptop bag with USB charging port Laptop bag,office bag, college bags anti theft (CAPTAIN)",529,3.7,39,https://www.amazon.in/true-human-r-emperor-15-6-inch-laptop-bag-with-usb-charging-port-laptop-bag-office-bag-college-bags-anti-theft-captain/dp/B0C6HZDWRQ
B0C2D2GPWJ,"Tabelito® NEO 3O L Water Resistant Laptop/College/Office/School/Travel/Business Bag, Unisex Backpack for Men Women Fits Up to 15.6 Inch Laptop Notebook.",349,3.8,296,https://www.amazon.in/tabelito-r-neo-3o-l-water-resistant-laptop-college-office-school-travel-business-bag-unisex-backpack-for-men-women-fits-up-to-15-6-inch-laptop-notebook/dp/B0C2D2GPWJ
B09176PYDR,Frantic Velvet Kids School/Nursery/Picnic/Carry/Travelling Bag - 2 to 5 Year Age,259,3.8,3437,https://www.amazon.in/frantic-velvet-kids-school-nursery-picnic-carry-travelling-bag-2-to-5-year-age/dp/B09176PYDR
B09176PYDR,Frantic Velvet Kids School/Nursery/Picnic/Carry/Travelling Bag - 2 to 5 Year Age,259,3.8,3437,https://www.amazon.in/frantic-velvet-kids-school-nursery-picnic-carry-travelling-bag-2-to-5-year-age/dp/B09176PYDR
B0821PN8L4,"Amazon Brand - Presto! Oxo-Biodegradable Garbage Bags, Medium -(19 x 21 inches) - 30 bags/roll (Pack of 6, Black)",289,4.4,35935,https://www.amazon.in/amazon-brand-presto-oxo-biodegradable-garbage-bags-medium-19-x-21-inches-30-bags-roll-pack-of-6-black/dp/B0821PN8L4
B0CJJKSXW1,"Ross Heating Bag, Hot Water Bags for Pain Relief, Heating Pad-Heat Pouch Hot Water Bottle Bag, Electric Hot Water Bag, Heating Pad for Pain Relief- with Hand Warmer Pockets (Assorted Colors)",199,4.7,22,https://www.amazon.in/ross-heating-bag-hot-water-bags-for-pain-relief-heating-pad-heat-pouch-hot-water-bottle-bag-electric-hot-water-bag-heating-pad-for-pain-relief-with-hand-warmer-pockets-assorted-colors/dp/B0CJJKSXW1
B0C23Z9W18,Half Moon Aztec 37L School Bag Class 5-12 | College Bagpack for Men/College Back pack for Women | 15.6 inch Laptop Bag for Men/Backpack for Men | Spacious & Multiple Pockets,529,3.5,357,https://www.amazon.in/half-moon-aztec-37l-school-bag-class-5-12-college-bagpack-for-men-college-back-pack-for-women-15-6-inch-laptop-bag-for-men-backpack-for-men-spacious-multiple-pockets/dp/B0C23Z9W18
B0CKY4GLDB,Half Moon Vision Water Resistant 15.6 inch Laptop Bag for Men/Backpack for Men | Office Bag for Men/Office Bag for Women with Padded Laptop Compartment,469,4.3,17,https://www.amazon.in/half-moon-vision-water-resistant-15-6-inch-laptop-bag-for-men-backpack-for-men-office-bag-for-men-office-bag-for-women-with-padded-laptop-compartment/dp/B0CKY4GLDB
B09QCYXZ1H,"Lenovo 16-inch Value Lite Backpack, Comfortable, Padded Back Panel, Slim and Sleek, Dedicated Laptop Compartment, Padded Shoulder Straps for Optimal Comfort and Ergonomic Support (4X41C94115)",649,4.6,24,https://www.amazon.in/lenovo-16-inch-value-lite-backpack-comfortable-padded-back-panel-slim-and-sleek-dedicated-laptop-compartment-padded-shoulder-straps-for-optimal-comfort-and-ergonomic-support-4x41c94115/dp/B09QCYXZ1H
B0BX9GLFD6,Murano Louis 10ltr Casual daybackpack/Office & Travel Bag/School Bag/College Bag/Men/Women/Girl/Boy (Dark Grey),189,3.4,143,https://www.amazon.in/murano-louis-10ltr-casual-daybackpack-office-travel-bag-school-bag-college-bag-men-women-girl-boy-dark-grey/dp/B0BX9GLFD6
B08M66SG5Y,Newtone Premium OXO - Biodegradable Garbage Bags Size 17 X 19 Inches (Small) 120 Bags (4 rolls) Dustbin Bag/Trash Bag - Black Color,144,4.3,212,https://www.amazon.in/newtone-premium-oxo-biodegradable-garbage-bags-size-17-x-19-inches-small-120-bags-4-rolls-dustbin-bag-trash-bag-black-color/dp/B08M66SG5Y
B06VX8YR6Q,Ezee Black Medium Garbage Bags 90 Pcs | 19 X 21 Inch | 30 Pcs x Pack of 3 | Dustbin Trash Bag,155,4.2,28709,https://www.amazon.in/ezee-black-medium-garbage-bags-90-pcs-19-x-21-inch-30-pcs-x-pack-of-3-dustbin-trash-bag/dp/B06VX8YR6Q
B0BRJRVH6D,Martucci Jersey 45L Casual Waterproof Laptop Backpack/Office Bag/School Bag/College Bag/Business Bag/Unisex Travel Backpack,765,3.8,273,https://www.amazon.in/martucci-jersey-45l-casual-waterproof-laptop-backpack-office-bag-school-bag-college-bag-business-bag-unisex-travel-backpack/dp/B0BRJRVH6D
B0BYB631NR,"TRUE HUMAN® Emperor Anti-Theft Pocket backpack With USB charging Port Laptop,office,college,travel bag for men and women(Epower)",499,3.7,466,https://www.amazon.in/true-human-r-emperor-anti-theft-pocket-backpack-with-usb-charging-port-laptop-office-college-travel-bag-for-men-and-women-epower/dp/B0BYB631NR
B0BZW8KW18,LOOKMUSTER (15.6 inch 30 L Casual Waterproof Laptop Backpack/Office Bag/School Bag/College Bag/Business Bag/Unisex Travel Backpack,429,3.5,146,https://www.amazon.in/lookmuster-15-6-inch-30-l-casual-waterproof-laptop-backpack-office-bag-school-bag-college-bag-business-bag-unisex-travel-backpack/dp/B0BZW8KW18
B0C8BGFJQZ,DaisyStar Women Fashion Handbags Tote Purses Stylish Ladies Women and Girls Handbag for Office Bag Ladies Travel Shoulder Bag Tote for College Girls Handbag_Variation_10,379,4.3,20,https://www.amazon.in/daisystar-women-fashion-handbags-tote-purses-stylish-ladies-women-and-girls-handbag-for-office-bag-ladies-travel-shoulder-bag-tote-for-college-girls-handbag-variation-10/dp/B0C8BGFJQZ
B09B26VHXV,"Safari Flash Casual Backpack, 26 ltr Water Resistant Travel Bags| Weight Polyester Bagpack for Men and Women, Spacious Shoulder Bag for College, Office, Travelling and Camping",699,3.8,3455,https://www.amazon.in/safari-flash-casual-backpack-26-ltr-water-resistant-travel-bags-weight-polyester-bagpack-for-men-and-women-spacious-shoulder-bag-for-college-office-travelling-and-camping/dp/B09B26VHXV
B075Y6Y9H5,Lenovo 15.6-inch Casual Laptop Briefcase T210,799,4.2,21727,https://www.amazon.in/lenovo-15-6-inch-casual-laptop-briefcase-t210/dp/B075Y6Y9H5
B08WQ668WJ,Zipline Unisex Casual Polyester 36 L Backpack School Bag Women Men Boys Girls Children Daypack College Bag Book School Sports Bag,843,3.6,1046,https://www.amazon.in/zipline-unisex-casual-polyester-36-l-backpack-school-bag-women-men-boys-girls-children-daypack-college-bag-book-school-sports-bag/dp/B08WQ668WJ
B0CKY4GLDB,Half Moon Vision Water Resistant 15.6 inch Laptop Bag for Men/Backpack for Men | Office Bag for Men/Office Bag for Women with Padded Laptop Compartment,469,4.3,17,https://www.amazon.in/half-moon-vision-water-resistant-15-6-inch-laptop-bag-for-men-backpack-for-men-office-bag-for-men-office-bag-for-women-with-padded-laptop-compartment/dp/B0CKY4GLDB
B07QN4KXWG,AirCase C34- 13 Inch/ 14 Inch/15.6 Inch Premium Vegan Leather Laptop Backpack for Men & Women (Black)- 25 Ltrs,849,3.8,2273,https://www.amazon.in/aircase-c34-13-inch-14-inch-15-6-inch-premium-vegan-leather-laptop-backpack-for-men-women-black-25-ltrs/dp/B07QN4KXWG
B0BRJRVH6D,Martucci Jersey 45L Casual Waterproof Laptop Backpack/Office Bag/School Bag/College Bag/Business Bag/Unisex Travel Backpack,765,3.8,273,https://www.amazon.in/martucci-jersey-45l-casual-waterproof-laptop-backpack-office-bag-school-bag-college-bag-business-bag-unisex-travel-backpack/dp/B0BRJRVH6D
B09413KB4K,Handcuffs Baby Diaper Bag Multifunctional Maternity Bags New Mom Dad Travel Backpack For Baby Care Nursing (Black),1186,4.2,556,https://www.amazon.in/handcuffs-baby-diaper-bag-multifunctional-maternity-bags-new-mom-dad-travel-backpack-for-baby-care-nursing-black/dp/B09413KB4K
B07RSCPH4N,"amazon basics Vacuum Compression Storage Bags with Hand Pump - Large, 5-Pack",599,4.4,11768,https://www.amazon.in/amazon-basics-vacuum-compression-storage-bags-with-hand-pump-large-5-pack/dp/B07RSCPH4N
B0BX9GLFD6,Murano Louis 10ltr Casual daybackpack/Office & Travel Bag/School Bag/College Bag/Men/Women/Girl/Boy (Dark Grey),189,3.4,143,https://www.amazon.in/murano-louis-10ltr-casual-daybackpack-office-travel-bag-school-bag-college-bag-men-women-girl-boy-dark-grey/dp/B0BX9GLFD6
B0BZW8KW18,LOOKMUSTER (15.6 inch 30 L Casual Waterproof Laptop Backpack/Office Bag/School Bag/College Bag/Business Bag/Unisex Travel Backpack,429,3.5,146,https://www.amazon.in/lookmuster-15-6-inch-30-l-casual-waterproof-laptop-backpack-office-bag-school-bag-college-bag-business-bag-unisex-travel-backpack/dp/B0BZW8KW18
B09S14TTG6,"Half Moon 40L Waterproof Laptop Bag | Rucksack Bags for Men/Trekking Bags for Men | With Laptop Compartment & Rain cover | For Trekking, Hiking, Travel Backpack for Men & Women",689,3.8,148,https://www.amazon.in/half-moon-40l-waterproof-laptop-bag-rucksack-bags-for-men-trekking-bags-for-men-with-laptop-compartment-rain-cover-for-trekking-hiking-travel-backpack-for-men-women/dp/B09S14TTG6
B0B21YQX55,Skybags Unisex Gucci Fabric Backpacks,945,3.9,527,https://www.amazon.in/skybags-unisex-gucci-fabric-backpacks/dp/B0B21YQX55
B0CJJKSXW1,"Ross Heating Bag, Hot Water Bags for Pain Relief, Heating Pad-Heat Pouch Hot Water Bottle Bag, Electric Hot Water Bag, Heating Pad for Pain Relief- with Hand Warmer Pockets (Assorted Colors)",199,4.7,22,https://www.amazon.in/ross-heating-bag-hot-water-bags-for-pain-relief-heating-pad-heat-pouch-hot-water-bottle-bag-electric-hot-water-bag-heating-pad-for-pain-relief-with-hand-warmer-pockets-assorted-colors/dp/B0CJJKSXW1
B0C8BGFJQZ,DaisyStar Women Fashion Handbags Tote Purses Stylish Ladies Women and Girls Handbag for Office Bag Ladies Travel Shoulder Bag Tote for College Girls Handbag_Variation_10,379,4.3,20,https://www.amazon.in/daisystar-women-fashion-handbags-tote-purses-stylish-ladies-women-and-girls-handbag-for-office-bag-ladies-travel-shoulder-bag-tote-for-college-girls-handbag-variation-10/dp/B0C8BGFJQZ
B00MGFZGVK,"Tetley Green Tea, Lemon And Honey, 100 Tea Bags, 140 Grams",421,4.3,51918,https://www.amazon.in/tetley-green-tea-lemon-and-honey-100-tea-bags-140-grams/dp/B00MGFZGVK
B07F3X45WZ,ADISA Light Weight Laptop Backpack 32 Ltrs,449,4.0,6220,https://www.amazon.in/adisa-light-weight-laptop-backpack-32-ltrs/dp/B07F3X45WZ
B0821QGBDY,"Presto! Oxo-Biodegradable Garbage Bags, XL (30 x 37 inches) - 10 bags/roll (Pack of 6, Black, plastic)",389,4.3,2112,https://www.amazon.in/presto-oxo-biodegradable-garbage-bags-xl-30-x-37-inches-10-bags-roll-pack-of-6-black-plastic/dp/B0821QGBDY
B0CJ3FDW3K,Half Moon Hercules 55L Travelling Laptop Bag/Rucksack Backpack for Luggage Travel Journey Trekking Hiking Bags for Men Women Boys and Girls with Laptop Compartment & Rain Cover (Black),689,5.0,4,https://www.amazon.in/half-moon-hercules-55l-travelling-laptop-bag-rucksack-backpack-for-luggage-travel-journey-trekking-hiking-bags-for-men-women-boys-and-girls-with-laptop-compartment-rain-cover-black/dp/B0CJ3FDW3K
B088X9M73T,"Mi Step Out 12 L Mini Backpack (Small Size, Sky Blue, Water Repellant)",229,4.1,10291,https://www.amazon.in/mi-step-out-12-l-mini-backpack-small-size-sky-blue-water-repellant/dp/B088X9M73T
B08RC39B71,"The Deal Men's 15.6 Inch Polyester Casual Laptop Backpack, Travel Computer Bag Water Resistant College Work School Bag (Blue)",399,3.4,502,https://www.amazon.in/the-deal-men-s-15-6-inch-polyester-casual-laptop-backpack-travel-computer-bag-water-resistant-college-work-school-bag-blue/dp/B08RC39B71
B0C23Z9W18,Half Moon Aztec 37L School Bag Class 5-12 | College Bagpack for Men/College Back pack for Women | 15.6 inch Laptop Bag for Men/Backpack for Men | Spacious & Multiple Pockets,529,3.5,357,https://www.amazon.in/half-moon-aztec-37l-school-bag-class-5-12-college-bagpack-for-men-college-back-pack-for-women-15-6-inch-laptop-bag-for-men-backpack-for-men-spacious-multiple-pockets/dp/B0C23Z9W18
B07N15QM1C,American Tourister Ohio Polyester 55 Cms Wheel Travel Duffle Bag (Grey),1699,4.0,1160,https://www.amazon.in/american-tourister-ohio-polyester-55-cms-wheel-travel-duffle-bag-grey/dp/B07N15QM1C
B07F3X45WZ,ADISA Light Weight Laptop Backpack 32 Ltrs,449,4.0,6220,https://www.amazon.in/adisa-light-weight-laptop-backpack-32-ltrs/dp/B07F3X45WZ
B07TTCXHRH,Dell Essential Backpack 15 (ES1520P),1036,4.0,6897,https://www.amazon.in/dell-essential-backpack-15-es1520p/dp/B07TTCXHRH
B075MK4TXP,Gear Aspire 30L Medium Water Restant Office Laptop Bag/Backpack for Men/Women (Black),994,4.3,6593,https://www.amazon.in/gear-aspire-30l-medium-water-restant-office-laptop-bag-backpack-for-men-women-black/dp/B075MK4TXP
B0BS6QQZYN,NORTH ZONE Casual Waterproof Laptop Backpack/Office Bag/School Bag/College Bag/Business Bag/Travel Backpack (Dimensions:13x18 inches) (Compatible with 39.62cm(15.6inch laptop) 30 L,547,4.0,780,https://www.amazon.in/north-zone-casual-waterproof-laptop-backpack-office-bag-school-bag-college-bag-business-bag-travel-backpack-dimensions-13x18-inches-compatible-with-39-62cm-15-6inch-laptop-30-l/dp/B0BS6QQZYN
B07NLB6FRS,NIVIA Basic Duffle Polyester Bag/Gym Bags/Adjustable Shoulder Bag for Men/Duffle Gym Bags for Men/Fitness Bag/Carry Bags/Sports & Travel Bag/Sports Kit/Duffle Bags Travel,229,4.0,4180,https://www.amazon.in/nivia-basic-duffle-polyester-bag-gym-bags-adjustable-shoulder-bag-for-men-duffle-gym-bags-for-men-fitness-bag-carry-bags-sports-travel-bag-sports-kit-duffle-bags-travel/dp/B07NLB6FRS
B0CJC93HDH,PLAYY BAGS Small 12 L daypack Small Bag for Daily Use - 2 Compartment Mini daypack,224,0,0,https://www.amazon.in/playy-bags-small-12-l-daypack-small-bag-for-daily-use-2-compartment-mini-daypack/dp/B0CJC93HDH
B0C1NZLF67,Half Moon Valex Unisex School Bag/ 15.6 inch Laptop Backpack/College Bagpack/Office Back Packed | Laptop Bag for Men Women | School Bags for Boys & Girls with Small Pockets & Laptop Compartment,549,3.7,163,https://www.amazon.in/half-moon-valex-unisex-school-bag-15-6-inch-laptop-backpack-college-bagpack-office-back-packed-laptop-bag-for-men-women-school-bags-for-boys-girls-with-small-pockets-laptop-compartment/dp/B0C1NZLF67
B0847PGZZM,TRAWOC 80L Travel Backpack for Outdoor Sport Camp Hiking Trekking Bag Camping Rucksack HK007 (PARENT) 1 Year Warranty,2246,4.4,7714,https://www.amazon.in/trawoc-80l-travel-backpack-for-outdoor-sport-camp-hiking-trekking-bag-camping-rucksack-hk007-parent-1-year-warranty/dp/B0847PGZZM
B0C3J2RLHP,"HOEXL 42L Expandable Premium Laptop Backpack for Men/Women for Travel, School, College-Tech Bag with USB - Bagpacker Bag, 17 inch Laptop Bag with Water-resistant, Smart Bag with Multiple Compartments",2899,4.8,81,https://www.amazon.in/hoexl-42l-expandable-premium-laptop-backpack-for-men-women-for-travel-school-college-tech-bag-with-usb-bagpacker-bag-17-inch-laptop-bag-with-water-resistant-smart-bag-with-multiple-compartments/dp/B0C3J2RLHP
B07ZC77WTW,"SFANE Polyester 23 cms Navy Blue Gym Bag, Shoulder Bag, Sports Bag for Men & Women with Separate Shoes Compartment (Blue)",413,4.3,3164,https://www.amazon.in/sfane-polyester-23-cms-navy-blue-gym-bag-shoulder-bag-sports-bag-for-men-women-with-separate-shoes-compartment-blue/dp/B07ZC77WTW
B085QWJVCZ,F Gear 22 Ltrs Burner Art Lthr Brown Laptop Backpack (3343),870,4.3,400,https://www.amazon.in/f-gear-22-ltrs-burner-art-lthr-brown-laptop-backpack-3343/dp/B085QWJVCZ
B09TPHFMX7,"Shalimar Large Capacity Travel Bag/Storage Bag/Move-in Bags/Duffel Bag - Strong, Durable, Foldable and Water Resistant (Pack of 1) (Blue)",257,4.1,542,https://www.amazon.in/shalimar-large-capacity-travel-bag-storage-bag-move-in-bags-duffel-bag-strong-durable-foldable-and-water-resistant-pack-of-1-blue/dp/B09TPHFMX7
B0BVZL49N8,ZaySoo Stylish Casual Laptop Backpack/Office Bag/College Bag/Business Bag/Travel Backpack - Navyblue,307,5.0,2,https://www.amazon.in/zaysoo-stylish-casual-laptop-backpack-office-bag-college-bag-business-bag-travel-backpack-navyblue/dp/B0BVZL49N8
B09321GJXZ,Bennett™ Mystic 15.6 inch (39.6cm) Laptop Briefcase Shoulder Sling Office Business Professional Travel Messenger Bag for Men and Women Water Repellent Formal Executive Bags (Grey) 6 Months Warranty,452,4.0,6881,https://www.amazon.in/bennetttm-mystic-15-6-inch-39-6cm-laptop-briefcase-shoulder-sling-office-business-professional-travel-messenger-bag-for-men-and-women-water-repellent-formal-executive-bags-grey-6-months-warranty/dp/B09321GJXZ
B07NHYLTY7,ZOUK Black Floral Printed Handmade Vegan Leather Women's Office Bag for 15.6 inch Laptop with double handles - FloMotif,1549,4.3,1104,https://www.amazon.in/zouk-black-floral-printed-handmade-vegan-leather-women-s-office-bag-for-15-6-inch-laptop-with-double-handles-flomotif/dp/B07NHYLTY7
B0BYW5SH4L,Half Moon Vision Water Resistant 15.6 inch Laptop Bag for Men/Backpack for Men | Office Bag for Men/Office Bag for Women with Padded Laptop Compartment,459,4.3,17,https://www.amazon.in/half-moon-vision-water-resistant-15-6-inch-laptop-bag-for-men-backpack-for-men-office-bag-for-men-office-bag-for-women-with-padded-laptop-compartment/dp/B0BYW5SH4L
B086PYLWS3,Fur Jaden 25L Travel Duffle Bag for Weekend Trip Cabin Luggage and Gym Sports Duffle for Men and Women,629,4.1,965,https://www.amazon.in/fur-jaden-25l-travel-duffle-bag-for-weekend-trip-cabin-luggage-and-gym-sports-duffle-for-men-and-women/dp/B086PYLWS3
B07G4D13LB,Gear Classic 20L Small Faux Leather Water Resistant Anti Theft Laptop Bag/Office Backpack for Men/Women-Black,799,4.4,2792,https://www.amazon.in/gear-classic-20l-small-faux-leather-water-resistant-anti-theft-laptop-bag-office-backpack-for-men-women-black/dp/B07G4D13LB
B07NJGW3WX,NIVIA Beast Gym Bag-4 Polyester/Unisex Gym Bags/Shoulder Bag for Men & Women with Separate Shoes Compartment/Carry Gym Accessories/Fitness Bag/Sports & Travel Bag/Sports Kit (Navy Blue),489,4.0,144,https://www.amazon.in/nivia-beast-gym-bag-4-polyester-unisex-gym-bags-shoulder-bag-for-men-women-with-separate-shoes-compartment-carry-gym-accessories-fitness-bag-sports-travel-bag-sports-kit-navy-blue/dp/B07NJGW3WX
B019FBEJCO,Gear Campus8 25L Medium Water Resistant School Bag/Casual Backpack/Daypack/College Bag/for Men/Women - Green Grey,595,4.1,1293,https://www.amazon.in/gear-campus8-25l-medium-water-resistant-school-bag-casual-backpack-daypack-college-bag-for-men-women-green-grey/dp/B019FBEJCO
B08BTD8YZP,PUMA Casual Backpack IND II Black-CASTLEROCK,1019,4.1,279,https://www.amazon.in/puma-casual-backpack-ind-ii-black-castlerock/dp/B08BTD8YZP
B0CJHST8BY,Impulse Diggy Niva 35L Laptop Backpack/Office Bag/School Bag/College Bag/Business Bag/Travel Backpack Water Resistant Fits Up to 16 Inch Laptop with 1 Year Warranty,399,4.4,23,https://www.amazon.in/impulse-diggy-niva-35l-laptop-backpack-office-bag-school-bag-college-bag-business-bag-travel-backpack-water-resistant-fits-up-to-16-inch-laptop-with-1-year-warranty/dp/B0CJHST8BY
B07MWD4D4W,M MEDLER Epoch Nylon 55 litres Waterproof Strolley Duffle Bag- 2 Wheels - Luggage Bag - (Navy Blue),399,3.5,26285,https://www.amazon.in/m-medler-epoch-nylon-55-litres-waterproof-strolley-duffle-bag-2-wheels-luggage-bag-navy-blue/dp/B07MWD4D4W
B0CJ8WTYFK,"TRUE HUMAN® Emperor Anti-Theft Laptop Bag, Office bag, college bag With combination security lock and USB charging port(Hybrid)",650,3.0,1,https://www.amazon.in/true-human-r-emperor-anti-theft-laptop-bag-office-bag-college-bag-with-combination-security-lock-and-usb-charging-port-hybrid/dp/B0CJ8WTYFK
B07CDD6YS2,KILLER Louis 38L Large Laptop Backpack With 3 Compartments Polyester Trendy Waterproof Travel Backpack,1749,4.4,9472,https://www.amazon.in/killer-louis-38l-large-laptop-backpack-with-3-compartments-polyester-trendy-waterproof-travel-backpack/dp/B07CDD6YS2
B0BPTJS6Q8,"HYDER Floral 35L Latest Cute and Stylish School Bag for Girls - Perfect for School, College, Office and Tution Durable School bags for Kids And Women | Perfect Girls Bag",684,4.0,146,https://www.amazon.in/hyder-floral-35l-latest-cute-and-stylish-school-bag-for-girls-perfect-for-school-college-office-and-tution-durable-school-bags-for-kids-and-women-perfect-girls-bag/dp/B0BPTJS6Q8
B0C555LQF4,NORTH ZONE Northzone Sling Cross Body Travel Office Business Messenger One Side Shoulder Pouch Bag Money Bag for Men and Women,249,3.9,139,https://www.amazon.in/north-zone-northzone-sling-cross-body-travel-office-business-messenger-one-side-shoulder-pouch-bag-money-bag-for-men-and-women/dp/B0C555LQF4
B08N6HSJJ5,URBAN WOLF 30L Casual Dual Compartment Water Resistant Laptop Backpack Unisex Bags for Office/Travel/Business/College/School (Black),749,3.9,1016,https://www.amazon.in/urban-wolf-30l-casual-dual-compartment-water-resistant-laptop-backpack-unisex-bags-for-office-travel-business-college-school-black/dp/B08N6HSJJ5
B08D7QKCX5,Nivia Polyester Pulse Bag,229,3.6,57,https://www.amazon.in/nivia-polyester-pulse-bag/dp/B08D7QKCX5
B07G4D13LB,Gear Classic 20L Small Faux Leather Water Resistant Anti Theft Laptop Bag/Office Backpack for Men/Women-Black,799,4.4,2792,https://www.amazon.in/gear-classic-20l-small-faux-leather-water-resistant-anti-theft-laptop-bag-office-backpack-for-men-women-black/dp/B07G4D13LB
B086PYLWS3,Fur Jaden 25L Travel Duffle Bag for Weekend Trip Cabin Luggage and Gym Sports Duffle for Men and Women,629,4.1,965,https://www.amazon.in/fur-jaden-25l-travel-duffle-bag-for-weekend-trip-cabin-luggage-and-gym-sports-duffle-for-men-and-women/dp/B086PYLWS3
B0C8NX7HTX,"Amazon Basics Opel Laptop Bag/Office/College Backpack for 15.6 inch laptop(20 L, Black)",509,3.7,158,https://www.amazon.in/amazon-basics-opel-laptop-bag-office-college-backpack-for-15-6-inch-laptop-20-l-black/dp/B0C8NX7HTX
B08TDGVLVM,"Presto! Oxo-Biodegradable Garbage Bags, Small - 30 bags/roll (Pack of 6, Green, For Wet Waste)",299,4.4,544,https://www.amazon.in/presto-oxo-biodegradable-garbage-bags-small-30-bags-roll-pack-of-6-green-for-wet-waste/dp/B08TDGVLVM
B09VTC876Z,"FUR JADEN Anti Theft Number Lock Backpack Bag with 15.6 Inch Laptop Compartment, USB Charging Port & Organizer Pocket for Men Women Boys Girls",649,4.1,6693,https://www.amazon.in/fur-jaden-anti-theft-number-lock-backpack-bag-with-15-6-inch-laptop-compartment-usb-charging-port-organizer-pocket-for-men-women-boys-girls/dp/B09VTC876Z
B0C6N3MYL2,Half Moon Aztec 37L School Bag Class 5-12 | College Bagpack for Men/College Back pack for Women | 15.6 inch Laptop Bag for Men/Backpack for Men | Spacious & Multiple Pockets,529,3.5,357,https://www.amazon.in/half-moon-aztec-37l-school-bag-class-5-12-college-bagpack-for-men-college-back-pack-for-women-15-6-inch-laptop-bag-for-men-backpack-for-men-spacious-multiple-pockets/dp/B0C6N3MYL2
B08BTD8YZP,PUMA Casual Backpack IND II Black-CASTLEROCK,1019,4.1,279,https://www.amazon.in/puma-casual-backpack-ind-ii-black-castlerock/dp/B08BTD8YZP
B0C6QTMYFG,"Zebronics Techshield A1, 18 Liters, 1 Compartment Laptop Backpack and Front Pocket, fit Up to 15.6-inch Laptop, Polyester Fabric, Office Use and Mini Business Travel Bags (Black)",498,3.6,12,https://www.amazon.in/zebronics-techshield-a1-18-liters-1-compartment-laptop-backpack-and-front-pocket-fit-up-to-15-6-inch-laptop-polyester-fabric-office-use-and-mini-business-travel-bags-black/dp/B0C6QTMYFG
B0B1HM2ZGX,Martucci 16 inch 36L Casual Waterproof Backpack/Office Bag/School Bag/College Bag/Business Bag/Unisex Travel Backpack,545,4.0,282,https://www.amazon.in/martucci-16-inch-36l-casual-waterproof-backpack-office-bag-school-bag-college-bag-business-bag-unisex-travel-backpack/dp/B0B1HM2ZGX
B0C5CFCLLJ,Half Moon Urban Explorer PU Leather Stylish Side Sling Cross Body Travel Office Business Messenger Bag with Multi-Pocket Zip Closure and Adjustable Straps For Men Women,269,3.3,40,https://www.amazon.in/half-moon-urban-explorer-pu-leather-stylish-side-sling-cross-body-travel-office-business-messenger-bag-with-multi-pocket-zip-closure-and-adjustable-straps-for-men-women/dp/B0C5CFCLLJ
B07MWD4D4W,M MEDLER Epoch Nylon 55 litres Waterproof Strolley Duffle Bag- 2 Wheels - Luggage Bag - (Navy Blue),399,3.5,26285,https://www.amazon.in/m-medler-epoch-nylon-55-litres-waterproof-strolley-duffle-bag-2-wheels-luggage-bag-navy-blue/dp/B07MWD4D4W
B08D7QKCX5,Nivia Polyester Pulse Bag,229,3.6,57,https://www.amazon.in/nivia-polyester-pulse-bag/dp/B08D7QKCX5
B0BHX7GY16,Half Moon Large 37L Laptop Bag Backpack for menं Women Boys and Girls Luggage Travel Bags with 17.3 inches Laptop Compartment & Rain Cover,689,3.9,3857,https://www.amazon.in/half-moon-large-37l-laptop-bag-backpack-for-menn-women-boys-and-girls-luggage-travel-bags-with-17-3-inches-laptop-compartment-rain-cover/dp/B0BHX7GY16
B0BPTJS6Q8,"HYDER Floral 35L Latest Cute and Stylish School Bag for Girls - Perfect for School, College, Office and Tution Durable School bags for Kids And Women | Perfect Girls Bag",684,4.0,146,https://www.amazon.in/hyder-floral-35l-latest-cute-and-stylish-school-bag-for-girls-perfect-for-school-college-office-and-tution-durable-school-bags-for-kids-and-women-perfect-girls-bag/dp/B0BPTJS6Q8
B07KSZTYWX,Shalimar Premium OXO - Biodegradable Garbage Bags Size 30 X 37 Inches (Extra Large) 60 Bags (4 rolls) Dustbin Bag/Trash Bag - Black Color,494,4.5,1459,https://www.amazon.in/shalimar-premium-oxo-biodegradable-garbage-bags-size-30-x-37-inches-extra-large-60-bags-4-rolls-dustbin-bag-trash-bag-black-color/dp/B07KSZTYWX
B07PDYTXD7,"The Purple Tree Canvas Tote Bag For Women - 1 Pc , women tote bag , canvas tote bag , printed tote bag , printed canvas tote bag , stylish bags for women TBAG00422",349,4.2,600,https://www.amazon.in/the-purple-tree-canvas-tote-bag-for-women-1-pc-women-tote-bag-canvas-tote-bag-printed-tote-bag-printed-canvas-tote-bag-stylish-bags-for-women-tbag00422/dp/B07PDYTXD7
B07Y2BFJ1B,DZert Kids School Bag Soft Plush Backpacks Cartoon Boys Girls Baby (2-5 Years),228,3.7,12746,https://www.amazon.in/dzert-kids-school-bag-soft-plush-backpacks-cartoon-boys-girls-baby-2-5-years/dp/B07Y2BFJ1B
B07NLB6FRS,NIVIA Basic Duffle Polyester Bag/Gym Bags/Adjustable Shoulder Bag for Men/Duffle Gym Bags for Men/Fitness Bag/Carry Bags/Sports & Travel Bag/Sports Kit/Duffle Bags Travel,229,4.0,4180,https://www.amazon.in/nivia-basic-duffle-polyester-bag-gym-bags-adjustable-shoulder-bag-for-men-duffle-gym-bags-for-men-fitness-bag-carry-bags-sports-travel-bag-sports-kit-duffle-bags-travel/dp/B07NLB6FRS
B0BRFRVQMX,"GLUN® Round Shape Foldable Laundry Bag Capacity of 45 Ltr, Non Woven Toys and Cloth Bag, Grey and Black Combination Pack of 1",161,3.9,119,https://www.amazon.in/glun-r-round-shape-foldable-laundry-bag-capacity-of-45-ltr-non-woven-toys-and-cloth-bag-grey-and-black-combination-pack-of-1/dp/B0BRFRVQMX
B07KT98RKS,Shalimar Premium OXO - Biodegradable Garbage Bags Size 24 X 32 Inches (Large) 60 Bags (4 rolls) Dustbin Bag/Trash Bag - Black Color,299,4.5,4620,https://www.amazon.in/shalimar-premium-oxo-biodegradable-garbage-bags-size-24-x-32-inches-large-60-bags-4-rolls-dustbin-bag-trash-bag-black-color/dp/B07KT98RKS
B08BTD8YZP,PUMA Casual Backpack IND II Black-CASTLEROCK,1019,4.1,279,https://www.amazon.in/puma-casual-backpack-ind-ii-black-castlerock/dp/B08BTD8YZP
B0C6639P8P,Amazon Basics Laptop Bag for 15.6 Inch Laptops | College/Travel Backpack with USB Charging Port and Anti-Theft Pocket | 23 L,1009,4.4,138,https://www.amazon.in/amazon-basics-laptop-bag-for-15-6-inch-laptops-college-travel-backpack-with-usb-charging-port-and-anti-theft-pocket-23-l/dp/B0C6639P8P
B086PYLWS3,Fur Jaden 25L Travel Duffle Bag for Weekend Trip Cabin Luggage and Gym Sports Duffle for Men and Women,629,4.1,965,https://www.amazon.in/fur-jaden-25l-travel-duffle-bag-for-weekend-trip-cabin-luggage-and-gym-sports-duffle-for-men-and-women/dp/B086PYLWS3
B07J46KLFP,"FUR JADEN 15.6 Inch Laptop Backpack 25 LTR Bag for School, College and Office with USB Charging Port",429,3.9,10507,https://www.amazon.in/fur-jaden-15-6-inch-laptop-backpack-25-ltr-bag-for-school-college-and-office-with-usb-charging-port/dp/B07J46KLFP
B0C555LQF4,NORTH ZONE Northzone Sling Cross Body Travel Office Business Messenger One Side Shoulder Pouch Bag Money Bag for Men and Women,249,3.9,139,https://www.amazon.in/north-zone-northzone-sling-cross-body-travel-office-business-messenger-one-side-shoulder-pouch-bag-money-bag-for-men-and-women/dp/B0C555LQF4
B0BNSXJ2MY,Martucci Hipe 35L Laptop Backpack for Men and Women/Boys and Girls Unisex/College/School/Travel Bags with 17 Inches Laptop Compartment with Rain Cover(Black),521,3.8,59,https://www.amazon.in/martucci-hipe-35l-laptop-backpack-for-men-and-women-boys-and-girls-unisex-college-school-travel-bags-with-17-inches-laptop-compartment-with-rain-cover-black/dp/B0BNSXJ2MY
B078MFYJ3M,COSMUS Heavy Duty School Bag Norwich 33L waterproof Backpacks Bag With laptop compartment,1196,4.2,434,https://www.amazon.in/cosmus-heavy-duty-school-bag-norwich-33l-waterproof-backpacks-bag-with-laptop-compartment/dp/B078MFYJ3M
B09321GJXZ,Bennett™ Mystic 15.6 inch (39.6cm) Laptop Briefcase Shoulder Sling Office Business Professional Travel Messenger Bag for Men and Women Water Repellent Formal Executive Bags (Grey) 6 Months Warranty,452,4.0,6881,https://www.amazon.in/bennetttm-mystic-15-6-inch-39-6cm-laptop-briefcase-shoulder-sling-office-business-professional-travel-messenger-bag-for-men-and-women-water-repellent-formal-executive-bags-grey-6-months-warranty/dp/B09321GJXZ
B0C6N3MYL2,Half Moon Aztec 37L School Bag Class 5-12 | College Bagpack for Men/College Back pack for Women | 15.6 inch Laptop Bag for Men/Backpack for Men | Spacious & Multiple Pockets,529,3.5,357,https://www.amazon.in/half-moon-aztec-37l-school-bag-class-5-12-college-bagpack-for-men-college-back-pack-for-women-15-6-inch-laptop-bag-for-men-backpack-for-men-spacious-multiple-pockets/dp/B0C6N3MYL2
B0C58X3CRX,"Amazon Basics Classic Camera Shoulder Bag, Adjustable Strap, Waterproof material, Breathable Mesh, Anti-Shock, Compatible with Nikon, Canon and Sony Mirrorless Cameras",549,3.6,6,https://www.amazon.in/amazon-basics-classic-camera-shoulder-bag-adjustable-strap-waterproof-material-breathable-mesh-anti-shock-compatible-with-nikon-canon-and-sony-mirrorless-cameras/dp/B0C58X3CRX
B09CGDFNBV,"DAHSHA Nylon Stylish Small 6 Multi-Pocket Zip Closure Sling Cross Body Travel Messenger One Side Shoulder Bag for Men & Women (Grey, 25 x 10 x 20 CM)",545,4.0,860,https://www.amazon.in/dahsha-nylon-stylish-small-6-multi-pocket-zip-closure-sling-cross-body-travel-messenger-one-side-shoulder-bag-for-men-women-grey-25-x-10-x-20-cm/dp/B09CGDFNBV
B0CF9Q8HPN,"Cockatoo CMP01 OXO-Biodegradable Garbage Bags Medium|Your Ultimate Companion for Campaigning and Traveling|for Keeping Your Adventures Clean and Green,30 Bags/Rollx3,(18.5 X 20.5 Inch)",99,4.8,151,https://www.amazon.in/cockatoo-cmp01-oxo-biodegradable-garbage-bags-medium-your-ultimate-companion-for-campaigning-and-traveling-for-keeping-your-adventures-clean-and-green-30-bags-rollx3-18-5-x-20-5-inch/dp/B0CF9Q8HPN
B0BYW5SH4L,Half Moon Vision Water Resistant 15.6 inch Laptop Bag for Men/Backpack for Men | Office Bag for Men/Office Bag for Women with Padded Laptop Compartment,459,4.3,17,https://www.amazon.in/half-moon-vision-water-resistant-15-6-inch-laptop-bag-for-men-backpack-for-men-office-bag-for-men-office-bag-for-women-with-padded-laptop-compartment/dp/B0BYW5SH4L
B08M6FS6W8,DZert Kids School Bag Soft Plush Backpacks Cartoon Boys Girls Baby (2-5 Years),228,3.7,12746,https://www.amazon.in/dzert-kids-school-bag-soft-plush-backpacks-cartoon-boys-girls-baby-2-5-years/dp/B08M6FS6W8
B08BTD8YZP,PUMA Casual Backpack IND II Black-CASTLEROCK,1019,4.1,279,https://www.amazon.in/puma-casual-backpack-ind-ii-black-castlerock/dp/B08BTD8YZP
B0CJ3K6CGP,Skybags EVO LAPTOP BACKPACK BLACK & NAVY,699,0,0,https://www.amazon.in/skybags-evo-laptop-backpack-black-navy/dp/B0CJ3K6CGP
B07Y2BFJ1B,DZert Kids School Bag Soft Plush Backpacks Cartoon Boys Girls Baby (2-5 Years),228,3.7,12746,https://www.amazon.in/dzert-kids-school-bag-soft-plush-backpacks-cartoon-boys-girls-baby-2-5-years/dp/B07Y2BFJ1B
B0BPTJS6Q8,"HYDER Floral 35L Latest Cute and Stylish School Bag for Girls - Perfect for School, College, Office and Tution Durable School bags for Kids And Women | Perfect Girls Bag",684,4.0,146,https://www.amazon.in/hyder-floral-35l-latest-cute-and-stylish-school-bag-for-girls-perfect-for-school-college-office-and-tution-durable-school-bags-for-kids-and-women-perfect-girls-bag/dp/B0BPTJS6Q8
B0CKL5VFT7,Wooum 48 L Casual Water Resistance Laptop Bag/Backpack for Men Women Boys Girls/Office School College Teens & Students with 15.6 Inch Laptop Compartment 50x37x26Cm (Navy Blue),399,0,0,https://www.amazon.in/wooum-48-l-casual-water-resistance-laptop-bag-backpack-for-men-women-boys-girls-office-school-college-teens-students-with-15-6-inch-laptop-compartment-50x37x26cm-navy-blue/dp/B0CKL5VFT7
B07NLB6FRS,NIVIA Basic Duffle Polyester Bag/Gym Bags/Adjustable Shoulder Bag for Men/Duffle Gym Bags for Men/Fitness Bag/Carry Bags/Sports & Travel Bag/Sports Kit/Duffle Bags Travel,229,4.0,4180,https://www.amazon.in/nivia-basic-duffle-polyester-bag-gym-bags-adjustable-shoulder-bag-for-men-duffle-gym-bags-for-men-fitness-bag-carry-bags-sports-travel-bag-sports-kit-duffle-bags-travel/dp/B07NLB6FRS
B0C555LQF4,NORTH ZONE Northzone Sling Cross Body Travel Office Business Messenger One Side Shoulder Pouch Bag Money Bag for Men and Women,249,3.9,139,https://www.amazon.in/north-zone-northzone-sling-cross-body-travel-office-business-messenger-one-side-shoulder-pouch-bag-money-bag-for-men-and-women/dp/B0C555LQF4
B0CJJQWK72,WHITECRAFT Polyester 30 Liter Waterproof Backpack for Men & Women| Fits upto 12-17 Inch Laptop Bag | Travel/Business/College/Casual Daypacks,386,0,0,https://www.amazon.in/whitecraft-polyester-30-liter-waterproof-backpack-for-men-women-fits-upto-12-17-inch-laptop-bag-travel-business-college-casual-daypacks/dp/B0CJJQWK72
B0C6639P8P,Amazon Basics Laptop Bag for 15.6 Inch Laptops | College/Travel Backpack with USB Charging Port and Anti-Theft Pocket | 23 L,1009,4.4,138,https://www.amazon.in/amazon-basics-laptop-bag-for-15-6-inch-laptops-college-travel-backpack-with-usb-charging-port-and-anti-theft-pocket-23-l/dp/B0C6639P8P
B0BRFRVQMX,"GLUN® Round Shape Foldable Laundry Bag Capacity of 45 Ltr, Non Woven Toys and Cloth Bag, Grey and Black Combination Pack of 1",161,3.9,119,https://www.amazon.in/glun-r-round-shape-foldable-laundry-bag-capacity-of-45-ltr-non-woven-toys-and-cloth-bag-grey-and-black-combination-pack-of-1/dp/B0BRFRVQMX
B09HNP99YX,AUXTER DELUXE Casual School College office Travel Backpack - 18 Design,791,4.0,650,https://www.amazon.in/auxter-deluxe-casual-school-college-office-travel-backpack-18-design/dp/B09HNP99YX
B0C6ZY6RD3,Rainox Combo Pack of PU-Leather Gym Bag Gym Duffel Bag with Shoulder Strap for Men's & Women's with Wrist Support Band-Wrist Straps for Daily Exercise (Grey) 6 cms,325,4.0,30,https://www.amazon.in/rainox-combo-pack-of-pu-leather-gym-bag-gym-duffel-bag-with-shoulder-strap-for-men-s-women-s-with-wrist-support-band-wrist-straps-for-daily-exercise-grey-6-cms/dp/B0C6ZY6RD3
B07KT98RKS,Shalimar Premium OXO - Biodegradable Garbage Bags Size 24 X 32 Inches (Large) 60 Bags (4 rolls) Dustbin Bag/Trash Bag - Black Color,299,4.5,4620,https://www.amazon.in/shalimar-premium-oxo-biodegradable-garbage-bags-size-24-x-32-inches-large-60-bags-4-rolls-dustbin-bag-trash-bag-black-color/dp/B07KT98RKS
B0C3RN6QSC,"SPENZ BAGS Travel Laptop Backpack for Women & Men|Carry On Bag, College & School Students Bookbag With Raincover",829,3.9,247,https://www.amazon.in/spenz-bags-travel-laptop-backpack-for-women-men-carry-on-bag-college-school-students-bookbag-with-raincover/dp/B0C3RN6QSC
B08LBLKYRY,"HARISSONS Speckle 36L Laptop Backpack for Men & Women | Ideal School Bag with Easy Access Pockets & Handy Pouch | Water Repellent 15.6"" Office Backpack with a Detailed Organizer",1889,4.3,434,https://www.amazon.in/harissons-speckle-36l-laptop-backpack-for-men-women-ideal-school-bag-with-easy-access-pockets-handy-pouch-water-repellent-15-6-office-backpack-with-a-detailed-organizer/dp/B08LBLKYRY
B0C555LQF4,NORTH ZONE Northzone Sling Cross Body Travel Office Business Messenger One Side Shoulder Pouch Bag Money Bag for Men and Women,249,3.9,139,https://www.amazon.in/north-zone-northzone-sling-cross-body-travel-office-business-messenger-one-side-shoulder-pouch-bag-money-bag-for-men-and-women/dp/B0C555LQF4
B09HNP99YX,AUXTER DELUXE Casual School College office Travel Backpack - 18 Design,791,4.0,650,https://www.amazon.in/auxter-deluxe-casual-school-college-office-travel-backpack-18-design/dp/B09HNP99YX
B07NHYLTY7,ZOUK Black Floral Printed Handmade Vegan Leather Women's Office Bag for 15.6 inch Laptop with double handles - FloMotif,1549,4.3,1104,https://www.amazon.in/zouk-black-floral-printed-handmade-vegan-leather-women-s-office-bag-for-15-6-inch-laptop-with-double-handles-flomotif/dp/B07NHYLTY7
B0CJJQWK72,WHITECRAFT Polyester 30 Liter Waterproof Backpack for Men & Women| Fits upto 12-17 Inch Laptop Bag | Travel/Business/College/Casual Daypacks,386,0,0,https://www.amazon.in/whitecraft-polyester-30-liter-waterproof-backpack-for-men-women-fits-upto-12-17-inch-laptop-bag-travel-business-college-casual-daypacks/dp/B0CJJQWK72
B0C3RN6QSC,"SPENZ BAGS Travel Laptop Backpack for Women & Men|Carry On Bag, College & School Students Bookbag With Raincover",829,3.9,247,https://www.amazon.in/spenz-bags-travel-laptop-backpack-for-women-men-carry-on-bag-college-school-students-bookbag-with-raincover/dp/B0C3RN6QSC
B0BNSXJ2MY,Martucci Hipe 35L Laptop Backpack for Men and Women/Boys and Girls Unisex/College/School/Travel Bags with 17 Inches Laptop Compartment with Rain Cover(Black),521,3.8,59,https://www.amazon.in/martucci-hipe-35l-laptop-backpack-for-men-and-women-boys-and-girls-unisex-college-school-travel-bags-with-17-inches-laptop-compartment-with-rain-cover-black/dp/B0BNSXJ2MY
B07NLB6FRS,NIVIA Basic Duffle Polyester Bag/Gym Bags/Adjustable Shoulder Bag for Men/Duffle Gym Bags for Men/Fitness Bag/Carry Bags/Sports & Travel Bag/Sports Kit/Duffle Bags Travel,229,4.0,4180,https://www.amazon.in/nivia-basic-duffle-polyester-bag-gym-bags-adjustable-shoulder-bag-for-men-duffle-gym-bags-for-men-fitness-bag-carry-bags-sports-travel-bag-sports-kit-duffle-bags-travel/dp/B07NLB6FRS
B019HA8AQO,Gear CarryOn 16L Foldable Water Resistant School Bag/Hiking Daypack/Backpack/College Bag for Men/Women (Black-Orange),229,3.8,5626,https://www.amazon.in/gear-carryon-16l-foldable-water-resistant-school-bag-hiking-daypack-backpack-college-bag-for-men-women-black-orange/dp/B019HA8AQO
B0BRFRVQMX,"GLUN® Round Shape Foldable Laundry Bag Capacity of 45 Ltr, Non Woven Toys and Cloth Bag, Grey and Black Combination Pack of 1",161,3.9,119,https://www.amazon.in/glun-r-round-shape-foldable-laundry-bag-capacity-of-45-ltr-non-woven-toys-and-cloth-bag-grey-and-black-combination-pack-of-1/dp/B0BRFRVQMX
B099PLT91X,"WILD MODA Women's Shoulder Bag, Set of 1",849,4.2,4341,https://www.amazon.in/wild-moda-women-s-shoulder-bag-set-of-1/dp/B099PLT91X
B0C6ZY6RD3,Rainox Combo Pack of PU-Leather Gym Bag Gym Duffel Bag with Shoulder Strap for Men's & Women's with Wrist Support Band-Wrist Straps for Daily Exercise (Grey) 6 cms,325,4.0,30,https://www.amazon.in/rainox-combo-pack-of-pu-leather-gym-bag-gym-duffel-bag-with-shoulder-strap-for-men-s-women-s-with-wrist-support-band-wrist-straps-for-daily-exercise-grey-6-cms/dp/B0C6ZY6RD3
B09VGNTDRZ,Red Lemon Medium Size Unisex Adult Bange Series Rhombus Shell Design Waterproof Sling Bag With Usb Charging,1847,4.2,105,https://www.amazon.in/red-lemon-medium-size-unisex-adult-bange-series-rhombus-shell-design-waterproof-sling-bag-with-usb-charging/dp/B09VGNTDRZ
B07KT98RKS,Shalimar Premium OXO - Biodegradable Garbage Bags Size 24 X 32 Inches (Large) 60 Bags (4 rolls) Dustbin Bag/Trash Bag - Black Color,299,4.5,4620,https://www.amazon.in/shalimar-premium-oxo-biodegradable-garbage-bags-size-24-x-32-inches-large-60-bags-4-rolls-dustbin-bag-trash-bag-black-color/dp/B07KT98RKS
B0C6639P8P,Amazon Basics Laptop Bag for 15.6 Inch Laptops | College/Travel Backpack with USB Charging Port and Anti-Theft Pocket | 23 L,1009,4.4,138,https://www.amazon.in/amazon-basics-laptop-bag-for-15-6-inch-laptops-college-travel-backpack-with-usb-charging-port-and-anti-theft-pocket-23-l/dp/B0C6639P8P
B0BYDWD4VL,HP 330 15.6-inch Laptop Backpack/Trolley Pass-Through; Padded Back Panel; Padded air mesh Panel/Hand wash and air Dry/1 Year Limited Warranty (793A7AA),799,4.3,8,https://www.amazon.in/hp-330-15-6-inch-laptop-backpack-trolley-pass-through-padded-back-panel-padded-air-mesh-panel-hand-wash-and-air-dry-1-year-limited-warranty-793a7aa/dp/B0BYDWD4VL
B0BYDWD4VL,HP 330 15.6-inch Laptop Backpack/Trolley Pass-Through; Padded Back Panel; Padded air mesh Panel/Hand wash and air Dry/1 Year Limited Warranty (793A7AA),799,4.3,8,https://www.amazon.in/hp-330-15-6-inch-laptop-backpack-trolley-pass-through-padded-back-panel-padded-air-mesh-panel-hand-wash-and-air-dry-1-year-limited-warranty-793a7aa/dp/B0BYDWD4VL
B018E1O6LU,SECUREMENT® Tamper Proof Courier Bags with Pod Jacket documen pouch 10x 14 (100 Pcs),325,4.1,314,https://www.amazon.in/securement-r-tamper-proof-courier-bags-with-pod-jacket-documen-pouch-10x-14-100-pcs/dp/B018E1O6LU
B08TTMMGYT,"Amazon Brand – Eono Reusable Tote Bags, 100% Organic Cotton Shopping/Grocery Bag, Multi-Purpose Bag, Sturdy Canvas Bag With 15kgs Capacity, Single Pack (Good Vibes)",179,3.8,1232,https://www.amazon.in/amazon-brand-eono-reusable-tote-bags-100-organic-cotton-shopping-grocery-bag-multi-purpose-bag-sturdy-canvas-bag-with-15kgs-capacity-single-pack-good-vibes/dp/B08TTMMGYT
B0B5YHC1W5,Aristrocrat Unisex Laptop Bag Grey,663,4.4,36,https://www.amazon.in/aristrocrat-unisex-laptop-bag-grey/dp/B0B5YHC1W5
B078MFYJ3M,COSMUS Heavy Duty School Bag Norwich 33L waterproof Backpacks Bag With laptop compartment,1196,4.2,434,https://www.amazon.in/cosmus-heavy-duty-school-bag-norwich-33l-waterproof-backpacks-bag-with-laptop-compartment/dp/B078MFYJ3M
B0C2D3YR7T,"Tabelito® NEXA 3O L Water Resistant Laptop/College/Office/School/Travel/Business Bag, Unisex Backpack for Men Women Fits Up to 15.6 Inch Laptop Notebook",349,4.0,176,https://www.amazon.in/tabelito-r-nexa-3o-l-water-resistant-laptop-college-office-school-travel-business-bag-unisex-backpack-for-men-women-fits-up-to-15-6-inch-laptop-notebook/dp/B0C2D3YR7T
B0BS6YGKMC,LOOKMUSTER Casual Waterproof Laptop Backpack/Office Bag/School Bag/College Bag/Business Bag/Travel Backpack…,434,4.0,59,https://www.amazon.in/lookmuster-casual-waterproof-laptop-backpack-office-bag-school-bag-college-bag-business-bag-travel-backpack/dp/B0BS6YGKMC
B078JNB821,ADISA women girls quilted checks crossbody box sling bag with gold chain,309,4.0,3412,https://www.amazon.in/adisa-women-girls-quilted-checks-crossbody-box-sling-bag-with-gold-chain/dp/B078JNB821
B07TT785P7,"Arctic Hunter Sling Crossbody Bag for Men Small Mens Chest Bag Shoulder Bag Mobile Bag One Side Bag for 8-inch iPad with Earphone Port Water-resistant for Daily Use Small Items and Small Electronic Product,Black",1176,4.3,722,https://www.amazon.in/arctic-hunter-sling-crossbody-bag-for-men-small-mens-chest-bag-shoulder-bag-mobile-bag-one-side-bag-for-8-inch-ipad-with-earphone-port-water-resistant-for-daily-use-small-items-and-small-electronic-product-black/dp/B07TT785P7
B0BLLJPBYM,"Half Moon Large 35 L Laptop College School & Travel Bag Backpack for Men Women Boys and Girls Spacy Luggage Bags with 17.3 inches Laptop Compartment, Reflective Strip & Rain Cover",689,3.5,41,https://www.amazon.in/half-moon-large-35-l-laptop-college-school-travel-bag-backpack-for-men-women-boys-and-girls-spacy-luggage-bags-with-17-3-inches-laptop-compartment-reflective-strip-rain-cover/dp/B0BLLJPBYM
B07MJZGXBP,HEROZ Hammer Unisex Nylon 45 L Travel Laptop Backpack Water Resistant Slim Durable Fits Up to 17.3 Inch Laptop Notebook (ALL) (Grey & A. Blue 212),1199,4.2,8213,https://www.amazon.in/heroz-hammer-unisex-nylon-45-l-travel-laptop-backpack-water-resistant-slim-durable-fits-up-to-17-3-inch-laptop-notebook-all-grey-a-blue-212/dp/B07MJZGXBP
B0C2D4KWQ6,"Tabelito® NEXA 3O L Water Resistant Laptop/College/Office/School/Travel/Business Bag, Unisex Backpack for Men Women Fits Up to 15.6 Inch Laptop Notebook",349,4.0,176,https://www.amazon.in/tabelito-r-nexa-3o-l-water-resistant-laptop-college-office-school-travel-business-bag-unisex-backpack-for-men-women-fits-up-to-15-6-inch-laptop-notebook/dp/B0C2D4KWQ6
B09ZYMT7V1,Red Lemon Bange Hard Ironlook Briefcase Laptop Bag Anti-Theft Hard Shell Unisex Laptop Backpack with USB Charging Backpack for Men and Women,4897,4.4,117,https://www.amazon.in/red-lemon-bange-hard-ironlook-briefcase-laptop-bag-anti-theft-hard-shell-unisex-laptop-backpack-with-usb-charging-backpack-for-men-and-women/dp/B09ZYMT7V1
B0C7CXQVRX,"The Purple Tree Handcrafted Women's Tote Bag with Vegan Leather Handles & Indian Prints, Shoulder Tote Bag and Handbag for Office and College (Pack of 1)",899,3.9,82,https://www.amazon.in/the-purple-tree-handcrafted-women-s-tote-bag-with-vegan-leather-handles-indian-prints-shoulder-tote-bag-and-handbag-for-office-and-college-pack-of-1/dp/B0C7CXQVRX
B0862V2GKH,MI Business Casual 21L Water Resistant Laptop Backpack,749,4.4,1438,https://www.amazon.in/mi-business-casual-21l-water-resistant-laptop-backpack/dp/B0862V2GKH
B07PLCCQVC,The Purple Tree Canvas Stylish Printed Tote Bag For Women (Pack Of 1) Tbag00270,349,4.2,164,https://www.amazon.in/the-purple-tree-canvas-stylish-printed-tote-bag-for-women-pack-of-1-tbag00270/dp/B07PLCCQVC
B09VGNTDRZ,Red Lemon Medium Size Unisex Adult Bange Series Rhombus Shell Design Waterproof Sling Bag With Usb Charging,1847,4.2,105,https://www.amazon.in/red-lemon-medium-size-unisex-adult-bange-series-rhombus-shell-design-waterproof-sling-bag-with-usb-charging/dp/B09VGNTDRZ
B0C6639P8P,Amazon Basics Laptop Bag for 15.6 Inch Laptops | College/Travel Backpack with USB Charging Port and Anti-Theft Pocket | 23 L,1009,4.4,138,https://www.amazon.in/amazon-basics-laptop-bag-for-15-6-inch-laptops-college-travel-backpack-with-usb-charging-port-and-anti-theft-pocket-23-l/dp/B0C6639P8P
B0BYDWD4VL,HP 330 15.6-inch Laptop Backpack/Trolley Pass-Through; Padded Back Panel; Padded air mesh Panel/Hand wash and air Dry/1 Year Limited Warranty (793A7AA),799,4.3,8,https://www.amazon.in/hp-330-15-6-inch-laptop-backpack-trolley-pass-through-padded-back-panel-padded-air-mesh-panel-hand-wash-and-air-dry-1-year-limited-warranty-793a7aa/dp/B0BYDWD4VL
B08TTMMGYT,"Amazon Brand – Eono Reusable Tote Bags, 100% Organic Cotton Shopping/Grocery Bag, Multi-Purpose Bag, Sturdy Canvas Bag With 15kgs Capacity, Single Pack (Good Vibes)",179,3.8,1232,https://www.amazon.in/amazon-brand-eono-reusable-tote-bags-100-organic-cotton-shopping-grocery-bag-multi-purpose-bag-sturdy-canvas-bag-with-15kgs-capacity-single-pack-good-vibes/dp/B08TTMMGYT
B07MJZGXBP,HEROZ Hammer Unisex Nylon 45 L Travel Laptop Backpack Water Resistant Slim Durable Fits Up to 17.3 Inch Laptop Notebook (ALL) (Grey & A. Blue 212),1199,4.2,8213,https://www.amazon.in/heroz-hammer-unisex-nylon-45-l-travel-laptop-backpack-water-resistant-slim-durable-fits-up-to-17-3-inch-laptop-notebook-all-grey-a-blue-212/dp/B07MJZGXBP
B0CJNXGMHH,Martucci Ashper 45L Smart 17 Inch Laptop Backpack Men and Women/Unisex/College/School/Travel Backpack for Girls and Boys,821,5.0,1,https://www.amazon.in/martucci-ashper-45l-smart-17-inch-laptop-backpack-men-and-women-unisex-college-school-travel-backpack-for-girls-and-boys/dp/B0CJNXGMHH
B07J46KLFP,"FUR JADEN 15.6 Inch Laptop Backpack 25 LTR Bag for School, College and Office with USB Charging Port",429,3.9,10507,https://www.amazon.in/fur-jaden-15-6-inch-laptop-backpack-25-ltr-bag-for-school-college-and-office-with-usb-charging-port/dp/B07J46KLFP
B07GXYHFCY,DZert Clasy Laptop Bag College Bag for Boys Girls 21 L Blue White,339,3.8,2612,https://www.amazon.in/dzert-clasy-laptop-bag-college-bag-for-boys-girls-21-l-blue-white/dp/B07GXYHFCY
B09321GJXZ,Bennett™ Mystic 15.6 inch (39.6cm) Laptop Briefcase Shoulder Sling Office Business Professional Travel Messenger Bag for Men and Women Water Repellent Formal Executive Bags (Grey) 6 Months Warranty,452,4.0,6881,https://www.amazon.in/bennetttm-mystic-15-6-inch-39-6cm-laptop-briefcase-shoulder-sling-office-business-professional-travel-messenger-bag-for-men-and-women-water-repellent-formal-executive-bags-grey-6-months-warranty/dp/B09321GJXZ
B0C58X3CRX,"Amazon Basics Classic Camera Shoulder Bag, Adjustable Strap, Waterproof material, Breathable Mesh, Anti-Shock, Compatible with Nikon, Canon and Sony Mirrorless Cameras",549,3.6,6,https://www.amazon.in/amazon-basics-classic-camera-shoulder-bag-adjustable-strap-waterproof-material-breathable-mesh-anti-shock-compatible-with-nikon-canon-and-sony-mirrorless-cameras/dp/B0C58X3CRX
B0BMQ2HXYP,"POLESTAR Bold 42 L Bag for College, School, Office, Casual Multipurpose Backpack with 15.6"" Laptop Compartment, Water Resistant, Unisex Design, Stylish & Durable, 1 Year Warranty",729,3.8,2001,https://www.amazon.in/polestar-bold-42-l-bag-for-college-school-office-casual-multipurpose-backpack-with-15-6-laptop-compartment-water-resistant-unisex-design-stylish-durable-1-year-warranty/dp/B0BMQ2HXYP
B09CGDFNBV,"DAHSHA Nylon Stylish Small 6 Multi-Pocket Zip Closure Sling Cross Body Travel Messenger One Side Shoulder Bag for Men & Women (Grey, 25 x 10 x 20 CM)",545,4.0,860,https://www.amazon.in/dahsha-nylon-stylish-small-6-multi-pocket-zip-closure-sling-cross-body-travel-messenger-one-side-shoulder-bag-for-men-women-grey-25-x-10-x-20-cm/dp/B09CGDFNBV
B0CF9Q8HPN,"Cockatoo CMP01 OXO-Biodegradable Garbage Bags Medium|Your Ultimate Companion for Campaigning and Traveling|for Keeping Your Adventures Clean and Green,30 Bags/Rollx3,(18.5 X 20.5 Inch)",99,4.8,151,https://www.amazon.in/cockatoo-cmp01-oxo-biodegradable-garbage-bags-medium-your-ultimate-companion-for-campaigning-and-traveling-for-keeping-your-adventures-clean-and-green-30-bags-rollx3-18-5-x-20-5-inch/dp/B0CF9Q8HPN
B08TDH2LCP,"Presto! Oxo-Biodegradable Garbage Bags (Black, Medium, 19 x 21 inches) - 30 Bags/ Roll - Pack of 3(Plastic)",169,4.2,1088,https://www.amazon.in/presto-oxo-biodegradable-garbage-bags-black-medium-19-x-21-inches-30-bags-roll-pack-of-3-plastic/dp/B08TDH2LCP
B083M1QK32,HAMMONDS FLYCATCHER Laptop Bag for Men - Genuine Leather Messenger Shoulder Bag - Fits 14/15.6/16 Inch Laptops - Brown Office Bag - Multiple Pockets -Water Resistant -Executive Bag for Work and Travel,4716,4.4,590,https://www.amazon.in/hammonds-flycatcher-laptop-bag-for-men-genuine-leather-messenger-shoulder-bag-fits-14-15-6-16-inch-laptops-brown-office-bag-multiple-pockets-water-resistant-executive-bag-for-work-and-travel/dp/B083M1QK32
B0BTJ2VV17,Gear LOGI-Q 27L Medium Water Resistant Anti-Theft Laptop Bag/Backpack/Office Bag with Trolley Sleevefor Men/Women (Black-White),645,4.6,8,https://www.amazon.in/gear-logi-q-27l-medium-water-resistant-anti-theft-laptop-bag-backpack-office-bag-with-trolley-sleevefor-men-women-black-white/dp/B0BTJ2VV17
B09SMX3S7R,Half Moon 30L Waterproof 15.6 inch Laptop Office School College Bag Backpack for Men Women Boys & Girls,469,3.6,401,https://www.amazon.in/half-moon-30l-waterproof-15-6-inch-laptop-office-school-college-bag-backpack-for-men-women-boys-girls/dp/B09SMX3S7R
B0BX9R766K,EUME Delhi Capitals 19 Ltrs Drawstring Backpack with 1 Compartment Men & Women Fit Up to 13.3 inch Laptop Blue Color,199,4.1,17,https://www.amazon.in/eume-delhi-capitals-19-ltrs-drawstring-backpack-with-1-compartment-men-women-fit-up-to-13-3-inch-laptop-blue-color/dp/B0BX9R766K
B07Y3DB5YZ,"AirCase Office Sling Messenger Bag fits upto 14.1"" Laptop/Macbook, Detachable Shoulder Strap, Waterproof, Shockproof, Carry Handle with Spacious Pockets, For Men & Women, Blue",729,4.0,1750,https://www.amazon.in/aircase-office-sling-messenger-bag-fits-upto-14-1-laptop-macbook-detachable-shoulder-strap-waterproof-shockproof-carry-handle-with-spacious-pockets-for-men-women-blue/dp/B07Y3DB5YZ
B0B12WH5ND,Red Lemon BANGE Waterproof TPU Unisex Travel Crossbody Sling Bag Chest Pack with USB charging,1797,4.4,74,https://www.amazon.in/red-lemon-bange-waterproof-tpu-unisex-travel-crossbody-sling-bag-chest-pack-with-usb-charging/dp/B0B12WH5ND
B0C6KZS555,"Zebronics Camp1, 14 Liters, 1 Compartment Laptop Backpacks Fit Up to 15.6-inch Laptop, Polyester Fabric, Office Use and Mini Business Travel Bags (Black)",398,3.6,31,https://www.amazon.in/zebronics-camp1-14-liters-1-compartment-laptop-backpacks-fit-up-to-15-6-inch-laptop-polyester-fabric-office-use-and-mini-business-travel-bags-black/dp/B0C6KZS555
B0BR3KK8TR,"HYDER 35L Latest And Trendy Stylish Waterproof College/Casual/School Bag/Backpack For Kids, Boys, Girls, Men And Women | Best Bags For Everyday Use",704,4.2,217,https://www.amazon.in/hyder-35l-latest-and-trendy-stylish-waterproof-college-casual-school-bag-backpack-for-kids-boys-girls-men-and-women-best-bags-for-everyday-use/dp/B0BR3KK8TR
B0CC9SLGD6,VICKY TRANSFORM Backpack Lightweight Laptop Bag Travel Daypack Large Capacity Bookbag for Women Men Work College,262,0,0,https://www.amazon.in/vicky-transform-backpack-lightweight-laptop-bag-travel-daypack-large-capacity-bookbag-for-women-men-work-college/dp/B0CC9SLGD6
B09KV7Y3KL,Wooum Water Resistant Material Sling Bag/One Side Bag/Shoulder Bag/Messenger Bag/Office Messenger Bag/Travel Side Bag with 14.1 Inch Laptop Compartment -,459,3.9,322,https://www.amazon.in/wooum-water-resistant-material-sling-bag-one-side-bag-shoulder-bag-messenger-bag-office-messenger-bag-travel-side-bag-with-14-1-inch-laptop-compartment/dp/B09KV7Y3KL
B07PBKQXCZ,HARISSONS Delta 39L Laptop Backpack (Black-Orange) for Office & Travel Purpose | School Bag for Children with a Multi-Purpose Handy Pouch and Dedicated Laptop Cradle (15.6 inch) | Water-Resistant,1820,4.2,1790,https://www.amazon.in/harissons-delta-39l-laptop-backpack-black-orange-for-office-travel-purpose-school-bag-for-children-with-a-multi-purpose-handy-pouch-and-dedicated-laptop-cradle-15-6-inch-water-resistant/dp/B07PBKQXCZ
B097K6SPH7,F Gear Colorado Navy Lmn yelw 39 Ltrs Laptop Backpack (3813),849,4.3,132,https://www.amazon.in/f-gear-colorado-navy-lmn-yelw-39-ltrs-laptop-backpack-3813/dp/B097K6SPH7
B07V47HHRG,"AirCase Office Sling Messenger Bag fits Upto 15.6"" Laptop/MacBook, Detachable Shoulder Strap, Waterproof, Shockproof, Spacious Pockets for Office/Travel",1199,3.5,776,https://www.amazon.in/aircase-office-sling-messenger-bag-fits-upto-15-6-laptop-macbook-detachable-shoulder-strap-waterproof-shockproof-spacious-pockets-for-office-travel/dp/B07V47HHRG
B0C86394QQ,American Tourister Shaw Large Size Unisex Laptop Backpack with Organizer Pockets| Compatible with 17 inch Laptop - Charcoal Black,1399,3.3,15,https://www.amazon.in/american-tourister-shaw-large-size-unisex-laptop-backpack-with-organizer-pockets-compatible-with-17-inch-laptop-charcoal-black/dp/B0C86394QQ
B07F3X45WZ,ADISA Light Weight Laptop Backpack 32 Ltrs,449,4.0,6220,https://www.amazon.in/adisa-light-weight-laptop-backpack-32-ltrs/dp/B07F3X45WZ
B07S7FKD6D,Aristocrat Cadet Polyester 62 cms Red Travel Duffle,1509,4.0,1286,https://www.amazon.in/aristocrat-cadet-polyester-62-cms-red-travel-duffle/dp/B07S7FKD6D
B084LMRB7D,Wildcraft Polyester Stylish 25.6 liters Multi-Colour Laptop Backpack (Black),1789,4.1,255,https://www.amazon.in/wildcraft-polyester-stylish-25-6-liters-multi-colour-laptop-backpack-black/dp/B084LMRB7D
B07WKM1YZC,DZert Kids School Bag Soft Plush Backpacks Cartoon Boys Girls Baby (2-5 Years),229,3.7,8383,https://www.amazon.in/dzert-kids-school-bag-soft-plush-backpacks-cartoon-boys-girls-baby-2-5-years/dp/B07WKM1YZC
B07Y3DB5YZ,"AirCase Office Sling Messenger Bag fits upto 14.1"" Laptop/Macbook, Detachable Shoulder Strap, Waterproof, Shockproof, Carry Handle with Spacious Pockets, For Men & Women, Blue",729,4.0,1750,https://www.amazon.in/aircase-office-sling-messenger-bag-fits-upto-14-1-laptop-macbook-detachable-shoulder-strap-waterproof-shockproof-carry-handle-with-spacious-pockets-for-men-women-blue/dp/B07Y3DB5YZ
B07WKM1YZC,DZert Kids School Bag Soft Plush Backpacks Cartoon Boys Girls Baby (2-5 Years),229,3.7,8383,https://www.amazon.in/dzert-kids-school-bag-soft-plush-backpacks-cartoon-boys-girls-baby-2-5-years/dp/B07WKM1YZC
B0BX9R766K,EUME Delhi Capitals 19 Ltrs Drawstring Backpack with 1 Compartment Men & Women Fit Up to 13.3 inch Laptop Blue Color,199,4.1,17,https://www.amazon.in/eume-delhi-capitals-19-ltrs-drawstring-backpack-with-1-compartment-men-women-fit-up-to-13-3-inch-laptop-blue-color/dp/B0BX9R766K
B0C2HX15QM,"MINI WESST Women's Printed Synthetic Leather Tote Bag for Office, College and Party (Black)",878,3.5,19,https://www.amazon.in/mini-wesst-women-s-printed-synthetic-leather-tote-bag-for-office-college-and-party-black/dp/B0C2HX15QM
B0BVRJYD9Q,ADISA 32L large laptop backpack office bag college travel back pack with rain cover,449,3.8,506,https://www.amazon.in/adisa-32l-large-laptop-backpack-office-bag-college-travel-back-pack-with-rain-cover/dp/B0BVRJYD9Q
B09JWKDG6R,Lify Women's Retro Large Size Canvas Shoulder Bag Hobo Crossbody Handbag Casual Tote - 1 Piece,320,3.8,1858,https://www.amazon.in/lify-women-s-retro-large-size-canvas-shoulder-bag-hobo-crossbody-handbag-casual-tote-1-piece/dp/B09JWKDG6R
B0C6KZS555,"Zebronics Camp1, 14 Liters, 1 Compartment Laptop Backpacks Fit Up to 15.6-inch Laptop, Polyester Fabric, Office Use and Mini Business Travel Bags (Black)",398,3.6,31,https://www.amazon.in/zebronics-camp1-14-liters-1-compartment-laptop-backpacks-fit-up-to-15-6-inch-laptop-polyester-fabric-office-use-and-mini-business-travel-bags-black/dp/B0C6KZS555
B097JJ64SH,"Genie Fringe Laptop Backpack for Women, 3 compartments, Stylish and Trendy College Bags for Girls, Water Resistant and Lightweight Bags for Office and Travelling Purpose. 36 litres",1124,4.3,24,https://www.amazon.in/genie-fringe-laptop-backpack-for-women-3-compartments-stylish-and-trendy-college-bags-for-girls-water-resistant-and-lightweight-bags-for-office-and-travelling-purpose-36-litres/dp/B097JJ64SH
B0CC9SLGD6,VICKY TRANSFORM Backpack Lightweight Laptop Bag Travel Daypack Large Capacity Bookbag for Women Men Work College,262,0,0,https://www.amazon.in/vicky-transform-backpack-lightweight-laptop-bag-travel-daypack-large-capacity-bookbag-for-women-men-work-college/dp/B0CC9SLGD6
B0BM7C4HG3,Fast Travel Use For School Bag Class 6-10 Large 4 partition 55 L Laptop Collage Office Travel Backpack Unisex,643,3.9,57,https://www.amazon.in/fast-travel-use-for-school-bag-class-6-10-large-4-partition-55-l-laptop-collage-office-travel-backpack-unisex/dp/B0BM7C4HG3
B07PBKQXCZ,HARISSONS Delta 39L Laptop Backpack (Black-Orange) for Office & Travel Purpose | School Bag for Children with a Multi-Purpose Handy Pouch and Dedicated Laptop Cradle (15.6 inch) | Water-Resistant,1820,4.2,1790,https://www.amazon.in/harissons-delta-39l-laptop-backpack-black-orange-for-office-travel-purpose-school-bag-for-children-with-a-multi-purpose-handy-pouch-and-dedicated-laptop-cradle-15-6-inch-water-resistant/dp/B07PBKQXCZ
B097K6SPH7,F Gear Colorado Navy Lmn yelw 39 Ltrs Laptop Backpack (3813),849,4.3,132,https://www.amazon.in/f-gear-colorado-navy-lmn-yelw-39-ltrs-laptop-backpack-3813/dp/B097K6SPH7
B08X2SDYLD,GOLD SKY Stylish PU Synthetic Leather Men's Sling Bag Cross Body Travel Office Business messenger,467,4.1,73,https://www.amazon.in/gold-sky-stylish-pu-synthetic-leather-men-s-sling-bag-cross-body-travel-office-business-messenger/dp/B08X2SDYLD
B0C86394QQ,American Tourister Shaw Large Size Unisex Laptop Backpack with Organizer Pockets| Compatible with 17 inch Laptop - Charcoal Black,1399,3.3,15,https://www.amazon.in/american-tourister-shaw-large-size-unisex-laptop-backpack-with-organizer-pockets-compatible-with-17-inch-laptop-charcoal-black/dp/B0C86394QQ
B07M9NKYVK,WildHorn Leather Messenger Bag for Men/Office Bag for Men I Padded Laptop Compartment with Adjustable Strap I DIMENSION : L-14 inch W-3 inch H-11 inch,2309,3.9,266,https://www.amazon.in/wildhorn-leather-messenger-bag-for-men-office-bag-for-men-i-padded-laptop-compartment-with-adjustable-strap-i-dimension-l-14-inch-w-3-inch-h-11-inch/dp/B07M9NKYVK
B084LMRB7D,Wildcraft Polyester Stylish 25.6 liters Multi-Colour Laptop Backpack (Black),1789,4.1,255,https://www.amazon.in/wildcraft-polyester-stylish-25-6-liters-multi-colour-laptop-backpack-black/dp/B084LMRB7D
B097KCMQKG,Gear Parker 23L Water Resistant Anti Theft Laptop Bag/Backpack for Men/Women - Black,695,4.3,492,https://www.amazon.in/gear-parker-23l-water-resistant-anti-theft-laptop-bag-backpack-for-men-women-black/dp/B097KCMQKG
B078J63VRY,"F Gear Blow Laptop Backpack With Rain Cover 32 Liters (Black,Grey) Sch Bag",739,4.2,1308,https://www.amazon.in/f-gear-blow-laptop-backpack-with-rain-cover-32-liters-black-grey-sch-bag/dp/B078J63VRY
B0C3QR3YJV,"Kuber Industries 30 Biodegradable Garbage Bags Small|Plastic Dustbin Bags|Trash Bags For Kitchen, Office, Warehouse, Pantry or Washroom 5 LTR (Black)",63,3.8,558,https://www.amazon.in/kuber-industries-30-biodegradable-garbage-bags-small-plastic-dustbin-bags-trash-bags-for-kitchen-office-warehouse-pantry-or-washroom-5-ltr-black/dp/B0C3QR3YJV
B0BW3RQH6C,Capriff 35L Casual Waterproof upto 17 inch Laptop Bag/Backpack for Office/School/College/travell with Rain Cover With adjustable Strap With 2 Compartment with Rain cover,699,5.0,5,https://www.amazon.in/capriff-35l-casual-waterproof-upto-17-inch-laptop-bag-backpack-for-office-school-college-travell-with-rain-cover-with-adjustable-strap-with-2-compartment-with-rain-cover/dp/B0BW3RQH6C
B0B6FZ3YNV,"Golden Wolf Backpack for Men 35L Business Travel Backpack with Lock Anti-theft 17.3-inch Laptop Bag Water-resistant Expanded Backpack with USB Port for Office Travel College Men Women, Black",2754,4.5,146,https://www.amazon.in/golden-wolf-backpack-for-men-35l-business-travel-backpack-with-lock-anti-theft-17-3-inch-laptop-bag-water-resistant-expanded-backpack-with-usb-port-for-office-travel-college-men-women-black/dp/B0B6FZ3YNV
B08DHSBP9S,SHALIMAR Premium Oxo - Biodegradable Garbage Bags 24 X 32 Inches (Large) 60 Bags (4 Rolls) Dustbin Bag/Trash Bag - Green Color(Plastic),285,4.5,2131,https://www.amazon.in/shalimar-premium-oxo-biodegradable-garbage-bags-24-x-32-inches-large-60-bags-4-rolls-dustbin-bag-trash-bag-green-color-plastic/dp/B08DHSBP9S
B07GCR84D9,"Sfane Polyester 9.05 Black Men & Women Trendy Black Sports Duffle Gym Bag, Shoulder Bag",309,4.2,1341,https://www.amazon.in/sfane-polyester-9-05-black-men-women-trendy-black-sports-duffle-gym-bag-shoulder-bag/dp/B07GCR84D9
B09V5HRYR7,CAPRIFF 32 L Casual Waterproof Laptop Bag/Backpack for Men Boys & Girls For Office School College Teens & Students with Rain Cover With adjustable Strap With 2 Compartment,699,3.8,3199,https://www.amazon.in/capriff-32-l-casual-waterproof-laptop-bag-backpack-for-men-boys-girls-for-office-school-college-teens-students-with-rain-cover-with-adjustable-strap-with-2-compartment/dp/B09V5HRYR7
B09P3RQPCG,Storite Stylish Small PU Leather Sling Cross Body Travel Office Business Messenger One Side Shoulder Bag for Men Women (25.5 x7x20cm),749,4.0,285,https://www.amazon.in/storite-stylish-small-pu-leather-sling-cross-body-travel-office-business-messenger-one-side-shoulder-bag-for-men-women-25-5-x7x20cm/dp/B09P3RQPCG
B084LMRB7D,Wildcraft Polyester Stylish 25.6 liters Multi-Colour Laptop Backpack (Black),1789,4.1,255,https://www.amazon.in/wildcraft-polyester-stylish-25-6-liters-multi-colour-laptop-backpack-black/dp/B084LMRB7D
B07GXX2BP3,DZert Clasy Laptop Bag College Bag for Boys Girls 21 L Red Black,339,3.8,2612,https://www.amazon.in/dzert-clasy-laptop-bag-college-bag-for-boys-girls-21-l-red-black/dp/B07GXX2BP3
B07PKQ3WJZ,motherly Diaper Bags for Mom Travel Basic Edition (Navy Blue),1399,4.5,2690,https://www.amazon.in/motherly-diaper-bags-for-mom-travel-basic-edition-navy-blue/dp/B07PKQ3WJZ
B0B69M182Q,"uppercase Medium 17 Ltrs Vegan Leather (upto 14 inch) Laptop Backpack 2300EBP1 3x more water resistant sustainable bags with rain proof zippers for Men, Women, Boys and Girls, 750 Days warranty",1600,4.0,586,https://www.amazon.in/uppercase-medium-17-ltrs-vegan-leather-upto-14-inch-laptop-backpack-2300ebp1-3x-more-water-resistant-sustainable-bags-with-rain-proof-zippers-for-men-women-boys-and-girls-750-days-warranty/dp/B0B69M182Q
B0BMQ2HXYP,"POLESTAR Bold 42 L Bag for College, School, Office, Casual Multipurpose Backpack with 15.6"" Laptop Compartment, Water Resistant, Unisex Design, Stylish & Durable, 1 Year Warranty",729,3.8,2001,https://www.amazon.in/polestar-bold-42-l-bag-for-college-school-office-casual-multipurpose-backpack-with-15-6-laptop-compartment-water-resistant-unisex-design-stylish-durable-1-year-warranty/dp/B0BMQ2HXYP
B0B5YHC1W5,Aristrocrat Unisex Laptop Bag Grey,663,4.4,36,https://www.amazon.in/aristrocrat-unisex-laptop-bag-grey/dp/B0B5YHC1W5
B097JMR4M6,"Safari Seek 32 Ltrs Large Overnighter Travel Laptop Backpack, Water Resistant Spacious Bag for Travelling and Camping, All-Purpose Bag for Business & Leisure- Black",2099,4.4,314,https://www.amazon.in/safari-seek-32-ltrs-large-overnighter-travel-laptop-backpack-water-resistant-spacious-bag-for-travelling-and-camping-all-purpose-bag-for-business-leisure-black/dp/B097JMR4M6
B07YFPF4QT,"FATMUG Foldable Duffel Luggage Bag for Travel, Packing and Storage - Men and Women - 45 L, Black",999,4.3,1783,https://www.amazon.in/fatmug-foldable-duffel-luggage-bag-for-travel-packing-and-storage-men-and-women-45-l-black/dp/B07YFPF4QT
B084LMRB7D,Wildcraft Polyester Stylish 25.6 liters Multi-Colour Laptop Backpack (Black),1789,4.1,255,https://www.amazon.in/wildcraft-polyester-stylish-25-6-liters-multi-colour-laptop-backpack-black/dp/B084LMRB7D
B0B6FZ3YNV,"Golden Wolf Backpack for Men 35L Business Travel Backpack with Lock Anti-theft 17.3-inch Laptop Bag Water-resistant Expanded Backpack with USB Port for Office Travel College Men Women, Black",2754,4.5,146,https://www.amazon.in/golden-wolf-backpack-for-men-35l-business-travel-backpack-with-lock-anti-theft-17-3-inch-laptop-bag-water-resistant-expanded-backpack-with-usb-port-for-office-travel-college-men-women-black/dp/B0B6FZ3YNV
B07PKQ3WJZ,motherly Diaper Bags for Mom Travel Basic Edition (Navy Blue),1399,4.5,2690,https://www.amazon.in/motherly-diaper-bags-for-mom-travel-basic-edition-navy-blue/dp/B07PKQ3WJZ
B0B69M182Q,"uppercase Medium 17 Ltrs Vegan Leather (upto 14 inch) Laptop Backpack 2300EBP1 3x more water resistant sustainable bags with rain proof zippers for Men, Women, Boys and Girls, 750 Days warranty",1600,4.0,586,https://www.amazon.in/uppercase-medium-17-ltrs-vegan-leather-upto-14-inch-laptop-backpack-2300ebp1-3x-more-water-resistant-sustainable-bags-with-rain-proof-zippers-for-men-women-boys-and-girls-750-days-warranty/dp/B0B69M182Q
B0B5YHC1W5,Aristrocrat Unisex Laptop Bag Grey,663,4.4,36,https://www.amazon.in/aristrocrat-unisex-laptop-bag-grey/dp/B0B5YHC1W5
B09P3RQPCG,Storite Stylish Small PU Leather Sling Cross Body Travel Office Business Messenger One Side Shoulder Bag for Men Women (25.5 x7x20cm),749,4.0,285,https://www.amazon.in/storite-stylish-small-pu-leather-sling-cross-body-travel-office-business-messenger-one-side-shoulder-bag-for-men-women-25-5-x7x20cm/dp/B09P3RQPCG
B097JMR4M6,"Safari Seek 32 Ltrs Large Overnighter Travel Laptop Backpack, Water Resistant Spacious Bag for Travelling and Camping, All-Purpose Bag for Business & Leisure- Black",2099,4.4,314,https://www.amazon.in/safari-seek-32-ltrs-large-overnighter-travel-laptop-backpack-water-resistant-spacious-bag-for-travelling-and-camping-all-purpose-bag-for-business-leisure-black/dp/B097JMR4M6
B09WZHX3B1,"Bennett Casual Laptop Bag school bags for boys girls 15.6-inch, 25 LTR Office & College bags for mens Water Repellent Backpack for Men & Women (Black)",440,3.9,788,https://www.amazon.in/bennett-casual-laptop-bag-school-bags-for-boys-girls-15-6-inch-25-ltr-office-college-bags-for-mens-water-repellent-backpack-for-men-women-black/dp/B09WZHX3B1
B0BX9V66C9,"STRABO Cooper for Boys Girls Stylish Men and Women Casual 15"" inch 20L CANVAS Laptop BACKPACK | Office, College, Travel Bag…",699,4.3,102,https://www.amazon.in/strabo-cooper-for-boys-girls-stylish-men-and-women-casual-15-inch-20l-canvas-laptop-backpack-office-college-travel-bag/dp/B0BX9V66C9
B0BMQ2HXYP,"POLESTAR Bold 42 L Bag for College, School, Office, Casual Multipurpose Backpack with 15.6"" Laptop Compartment, Water Resistant, Unisex Design, Stylish & Durable, 1 Year Warranty",729,3.8,2001,https://www.amazon.in/polestar-bold-42-l-bag-for-college-school-office-casual-multipurpose-backpack-with-15-6-laptop-compartment-water-resistant-unisex-design-stylish-durable-1-year-warranty/dp/B0BMQ2HXYP
B0CGZLZRNZ,"Red Lemon Titan Ultrafit Bange Series 15.6-inch Laptop Bags Backpacks for Men and Women 45L&35L Outdoor and Camping 3in1 Office Bags,Travelling,Backpack",3597,4.3,329,https://www.amazon.in/red-lemon-titan-ultrafit-bange-series-15-6-inch-laptop-bags-backpacks-for-men-and-women-45l-35l-outdoor-and-camping-3in1-office-bags-travelling-backpack/dp/B0CGZLZRNZ
B07KT56WHT,Shalimar Premium OXO - Biodegradable Garbage Bags 17 X 19 Inches (Small) 120 Bags (4 rolls) Dustbin Bag/Trash Bag - Black Color,230,4.4,6985,https://www.amazon.in/shalimar-premium-oxo-biodegradable-garbage-bags-17-x-19-inches-small-120-bags-4-rolls-dustbin-bag-trash-bag-black-color/dp/B07KT56WHT
B07RP7WHHY,"amazon basics PlasticVacuum Compression Storage Bags With Hand Pump - 6-Pack (2 Jumbo, 2 Large, 2 Medium)",749,4.4,9288,https://www.amazon.in/amazon-basics-plasticvacuum-compression-storage-bags-with-hand-pump-6-pack-2-jumbo-2-large-2-medium/dp/B07RP7WHHY
B083M1QK32,HAMMONDS FLYCATCHER Laptop Bag for Men - Genuine Leather Messenger Shoulder Bag - Fits 14/15.6/16 Inch Laptops - Brown Office Bag - Multiple Pockets -Water Resistant -Executive Bag for Work and Travel,4716,4.4,590,https://www.amazon.in/hammonds-flycatcher-laptop-bag-for-men-genuine-leather-messenger-shoulder-bag-fits-14-15-6-16-inch-laptops-brown-office-bag-multiple-pockets-water-resistant-executive-bag-for-work-and-travel/dp/B083M1QK32
B07TT785P7,"Arctic Hunter Sling Crossbody Bag for Men Small Mens Chest Bag Shoulder Bag Mobile Bag One Side Bag for 8-inch iPad with Earphone Port Water-resistant for Daily Use Small Items and Small Electronic Product,Black",1176,4.3,722,https://www.amazon.in/arctic-hunter-sling-crossbody-bag-for-men-small-mens-chest-bag-shoulder-bag-mobile-bag-one-side-bag-for-8-inch-ipad-with-earphone-port-water-resistant-for-daily-use-small-items-and-small-electronic-product-black/dp/B07TT785P7
B08TDCGCPK,"Amazon Brand - Presto! Oxo-Biodegradable Garbage Bags, Small - 30 bags/roll (Pack of 3, Green, For Wet Waste)",189,4.3,638,https://www.amazon.in/amazon-brand-presto-oxo-biodegradable-garbage-bags-small-30-bags-roll-pack-of-3-green-for-wet-waste/dp/B08TDCGCPK
B0C7CXQVRX,"The Purple Tree Handcrafted Women's Tote Bag with Vegan Leather Handles & Indian Prints, Shoulder Tote Bag and Handbag for Office and College (Pack of 1)",899,3.9,82,https://www.amazon.in/the-purple-tree-handcrafted-women-s-tote-bag-with-vegan-leather-handles-indian-prints-shoulder-tote-bag-and-handbag-for-office-and-college-pack-of-1/dp/B0C7CXQVRX
B0C6YB3ZDC,Lavie Sport Astro Anti-Theft Casual Backpack with Laptop Sleeve | Business Bag for Men & Women | Durable Office Bag for Notebook/MacBook,999,4.1,25,https://www.amazon.in/lavie-sport-astro-anti-theft-casual-backpack-with-laptop-sleeve-business-bag-for-men-women-durable-office-bag-for-notebook-macbook/dp/B0C6YB3ZDC
B0CBQ41BYZ,Lino Perros Women Handbag,989,4.2,1466,https://www.amazon.in/lino-perros-women-handbag/dp/B0CBQ41BYZ
B0B21SYHMB,"Wolpin Foldable Shopping Bag for Grocery - Folds to Pocket Size, Tote Grocery Shoulder Handbag Travel Bag for Men and Women (40 x 40 cm)",229,3.9,296,https://www.amazon.in/wolpin-foldable-shopping-bag-for-grocery-folds-to-pocket-size-tote-grocery-shoulder-handbag-travel-bag-for-men-and-women-40-x-40-cm/dp/B0B21SYHMB
B08R7S55H4,"Lenovo 15.6"" Professional Backpack, Made in India, Water-resistant,Uncompromised storage, Travel friendly:Fleece-lined PC compartment,Vented,Padded BackPanel & Adjustable shoulder straps,Luggage strap",705,4.3,1096,https://www.amazon.in/lenovo-15-6-professional-backpack-made-in-india-water-resistant-uncompromised-storage-travel-friendly-fleece-lined-pc-compartment-vented-padded-backpanel-adjustable-shoulder-straps-luggage-strap/dp/B08R7S55H4
B07YFPF4QT,"FATMUG Foldable Duffel Luggage Bag for Travel, Packing and Storage - Men and Women - 45 L, Black",999,4.3,1783,https://www.amazon.in/fatmug-foldable-duffel-luggage-bag-for-travel-packing-and-storage-men-and-women-45-l-black/dp/B07YFPF4QT
B0C3MG4MJG,"Swiss Military Hard Shell Travel Backpack UFO, Alien Series Dimond Cut ABS Hardshell upto 15.6 Inch Laptop",3299,3.7,24,https://www.amazon.in/swiss-military-hard-shell-travel-backpack-ufo-alien-series-dimond-cut-abs-hardshell-upto-15-6-inch-laptop/dp/B0C3MG4MJG
B0978KPKQJ,"WALKENT ARCTIC HUNTER 41L Waterproof, Expandable 17"" Laptop Bag, Anti-Theft, Overnighter Convertible Backpack for Travel Office Men Women - Hustle, 3 Compartment, 9 Pockets, Black",3123,4.4,510,https://www.amazon.in/walkent-arctic-hunter-41l-waterproof-expandable-17-laptop-bag-anti-theft-overnighter-convertible-backpack-for-travel-office-men-women-hustle-3-compartment-9-pockets-black/dp/B0978KPKQJ
B09P3RQPCG,Storite Stylish Small PU Leather Sling Cross Body Travel Office Business Messenger One Side Shoulder Bag for Men Women (25.5 x7x20cm),749,4.0,285,https://www.amazon.in/storite-stylish-small-pu-leather-sling-cross-body-travel-office-business-messenger-one-side-shoulder-bag-for-men-women-25-5-x7x20cm/dp/B09P3RQPCG
B07SWD51BV,Kuber Industries Silk Embroidered Women Potli Bag (Cream) -CTKTC8803,265,3.9,109,https://www.amazon.in/kuber-industries-silk-embroidered-women-potli-bag-cream-ctktc8803/dp/B07SWD51BV
B0BWWD1QQQ,Dyazo Water Resistant Camera Backpack with Extra Front Pocket Photographers Bag with Rain Cover Tripod Holder Compatible for Sony Nikon Canon Panasonic DSLR (Black & Orange),749,4.2,741,https://www.amazon.in/dyazo-water-resistant-camera-backpack-with-extra-front-pocket-photographers-bag-with-rain-cover-tripod-holder-compatible-for-sony-nikon-canon-panasonic-dslr-black-orange/dp/B0BWWD1QQQ
B0BWNBQXDZ,"uppercase Apex Professional Laptop Backpack (15.6 Inch) 3x more water resistant sustainable bags with rain proof zippers for Men, Women, Boys and Girls, 750 Days warranty",1800,4.5,118,https://www.amazon.in/uppercase-apex-professional-laptop-backpack-15-6-inch-3x-more-water-resistant-sustainable-bags-with-rain-proof-zippers-for-men-women-boys-and-girls-750-days-warranty/dp/B0BWNBQXDZ
B0C7VJ1LFG,VIULVUK Professional Large Makeup Kit Organizer for Girls | Waterproof Cosmetic Bags with Big Compartment | Wash Bag & Travel Toiletry Pouch for Women's Skincare Accessories Storage (Grey Flamingo),199,3.9,17,https://www.amazon.in/viulvuk-professional-large-makeup-kit-organizer-for-girls-waterproof-cosmetic-bags-with-big-compartment-wash-bag-travel-toiletry-pouch-for-women-s-skincare-accessories-storage-grey-flamingo/dp/B0C7VJ1LFG
B084MS8LTW,Amazon Brand - Solimo Rectangular Rexine Jumbo Underbed Storage Bag with Zipper and Handle- 18.9 x 23.62 x 14.17 Inches (Black and White),339,4.2,1138,https://www.amazon.in/amazon-brand-solimo-rectangular-rexine-jumbo-underbed-storage-bag-with-zipper-and-handle-18-9-x-23-62-x-14-17-inches-black-and-white/dp/B084MS8LTW
B07RN64P2R,"amazon basics Plastic Vacuum Compression Storage Bags With Hand Pump - Jumbo, 6-Pack",997,4.3,9820,https://www.amazon.in/amazon-basics-plastic-vacuum-compression-storage-bags-with-hand-pump-jumbo-6-pack/dp/B07RN64P2R
B01G5I8VDS,Wildcraft 45 Ltrs Black Rucksack (8903338073840) (Extra Large Size),1584,4.3,1097,https://www.amazon.in/wildcraft-45-ltrs-black-rucksack-8903338073840-extra-large-size/dp/B01G5I8VDS
B07RP7WHHY,"amazon basics PlasticVacuum Compression Storage Bags With Hand Pump - 6-Pack (2 Jumbo, 2 Large, 2 Medium)",749,4.4,9288,https://www.amazon.in/amazon-basics-plasticvacuum-compression-storage-bags-with-hand-pump-6-pack-2-jumbo-2-large-2-medium/dp/B07RP7WHHY
B0B6FZ3YNV,"Golden Wolf Backpack for Men 35L Business Travel Backpack with Lock Anti-theft 17.3-inch Laptop Bag Water-resistant Expanded Backpack with USB Port for Office Travel College Men Women, Black",2754,4.5,146,https://www.amazon.in/golden-wolf-backpack-for-men-35l-business-travel-backpack-with-lock-anti-theft-17-3-inch-laptop-bag-water-resistant-expanded-backpack-with-usb-port-for-office-travel-college-men-women-black/dp/B0B6FZ3YNV
B09V82WPTB,TRAVEL POINT 60 Liters Waterproof Travel Rucksack Backpack for Outdoor/Sports/Camping/Hiking/Trekking Bag for Men and Women with 1 Year Warranty (Black),749,4.0,148,https://www.amazon.in/travel-point-60-liters-waterproof-travel-rucksack-backpack-for-outdoor-sports-camping-hiking-trekking-bag-for-men-and-women-with-1-year-warranty-black/dp/B09V82WPTB
B0C3QR3YJV,"Kuber Industries 30 Biodegradable Garbage Bags Small|Plastic Dustbin Bags|Trash Bags For Kitchen, Office, Warehouse, Pantry or Washroom 5 LTR (Black)",63,3.8,558,https://www.amazon.in/kuber-industries-30-biodegradable-garbage-bags-small-plastic-dustbin-bags-trash-bags-for-kitchen-office-warehouse-pantry-or-washroom-5-ltr-black/dp/B0C3QR3YJV
B09SMX3S7R,Half Moon 30L Waterproof 15.6 inch Laptop Office School College Bag Backpack for Men Women Boys & Girls,469,3.6,401,https://www.amazon.in/half-moon-30l-waterproof-15-6-inch-laptop-office-school-college-bag-backpack-for-men-women-boys-girls/dp/B09SMX3S7R
B09W43XLBY,"Amazon Basics Water Repellent and Wear Resistant Laptop Backpack - 24L, Blue",599,4.2,642,https://www.amazon.in/amazon-basics-water-repellent-and-wear-resistant-laptop-backpack-24l-blue/dp/B09W43XLBY
B0BQCBHJLP,"Street27® Korean Canvas Corduroy Tote Bag Casual Work Shoulder Handbags | Multi-Purpose Bag |Sturdy Canvas Bag with Large Capacity | Shopping Bag for Office, College & Daily Use",474,4.0,140,https://www.amazon.in/street27-r-korean-canvas-corduroy-tote-bag-casual-work-shoulder-handbags-multi-purpose-bag-sturdy-canvas-bag-with-large-capacity-shopping-bag-for-office-college-daily-use/dp/B0BQCBHJLP
B0CJHST8BY,Impulse Diggy Niva 35L Laptop Backpack/Office Bag/School Bag/College Bag/Business Bag/Travel Backpack Water Resistant Fits Up to 16 Inch Laptop with 1 Year Warranty,399,4.4,23,https://www.amazon.in/impulse-diggy-niva-35l-laptop-backpack-office-bag-school-bag-college-bag-business-bag-travel-backpack-water-resistant-fits-up-to-16-inch-laptop-with-1-year-warranty/dp/B0CJHST8BY
B0C16VZCK7,"Half Moon Maverick 35L Unisex Spacious School/Laptop/College/Office Travel Backpack Bag for Men Women Boys & Girls with 15.6 inch Padded Laptop Compartment, Multiple Pockets & Rain Cover",549,3.7,68,https://www.amazon.in/half-moon-maverick-35l-unisex-spacious-school-laptop-college-office-travel-backpack-bag-for-men-women-boys-girls-with-15-6-inch-padded-laptop-compartment-multiple-pockets-rain-cover/dp/B0C16VZCK7
B0C6KZS555,"Zebronics Camp1, 14 Liters, 1 Compartment Laptop Backpacks Fit Up to 15.6-inch Laptop, Polyester Fabric, Office Use and Mini Business Travel Bags (Black)",398,3.6,31,https://www.amazon.in/zebronics-camp1-14-liters-1-compartment-laptop-backpacks-fit-up-to-15-6-inch-laptop-polyester-fabric-office-use-and-mini-business-travel-bags-black/dp/B0C6KZS555
B07P2TQH78,"HAMMONDS FLYCATCHER Genuine Leather Laptop Bag for Men - Office Bag, Brown Color - Fits Up to 14/15.6/16 Inch Laptop/MacBook - Laptop Messenger Bags/Leather Bag for Men with Adjustable Shoulder Strap",2365,4.3,5209,https://www.amazon.in/hammonds-flycatcher-genuine-leather-laptop-bag-for-men-office-bag-brown-color-fits-up-to-14-15-6-16-inch-laptop-macbook-laptop-messenger-bags-leather-bag-for-men-with-adjustable-shoulder-strap/dp/B07P2TQH78
B0B12WH5ND,Red Lemon BANGE Waterproof TPU Unisex Travel Crossbody Sling Bag Chest Pack with USB charging,1797,4.4,74,https://www.amazon.in/red-lemon-bange-waterproof-tpu-unisex-travel-crossbody-sling-bag-chest-pack-with-usb-charging/dp/B0B12WH5ND
B09WZHX3B1,"Bennett Casual Laptop Bag school bags for boys girls 15.6-inch, 25 LTR Office & College bags for mens Water Repellent Backpack for Men & Women (Black)",440,3.9,788,https://www.amazon.in/bennett-casual-laptop-bag-school-bags-for-boys-girls-15-6-inch-25-ltr-office-college-bags-for-mens-water-repellent-backpack-for-men-women-black/dp/B09WZHX3B1
B0BR3KK8TR,"HYDER 35L Latest And Trendy Stylish Waterproof College/Casual/School Bag/Backpack For Kids, Boys, Girls, Men And Women | Best Bags For Everyday Use",704,4.2,217,https://www.amazon.in/hyder-35l-latest-and-trendy-stylish-waterproof-college-casual-school-bag-backpack-for-kids-boys-girls-men-and-women-best-bags-for-everyday-use/dp/B0BR3KK8TR
B07PMQTB6T,"Dell Pro Slim Backpack 15 - PO1520PS - Fits Most laptops up to 38.1 cm (15 inches, Black)",1599,4.3,502,https://www.amazon.in/dell-pro-slim-backpack-15-po1520ps-fits-most-laptops-up-to-38-1-cm-15-inches-black/dp/B07PMQTB6T
B07P2TQH78,"HAMMONDS FLYCATCHER Genuine Leather Laptop Bag for Men - Office Bag, Brown Color - Fits Up to 14/15.6/16 Inch Laptop/MacBook - Laptop Messenger Bags/Leather Bag for Men with Adjustable Shoulder Strap",2365,4.3,5209,https://www.amazon.in/hammonds-flycatcher-genuine-leather-laptop-bag-for-men-office-bag-brown-color-fits-up-to-14-15-6-16-inch-laptop-macbook-laptop-messenger-bags-leather-bag-for-men-with-adjustable-shoulder-strap/dp/B07P2TQH78
B09SMX3S7R,Half Moon 30L Waterproof 15.6 inch Laptop Office School College Bag Backpack for Men Women Boys & Girls,469,3.6,401,https://www.amazon.in/half-moon-30l-waterproof-15-6-inch-laptop-office-school-college-bag-backpack-for-men-women-boys-girls/dp/B09SMX3S7R
